-- phpMyAdmin SQL Dump
-- version 4.4.15.10
-- https://www.phpmyadmin.net
--
-- Host: localhost
-- Generation Time: Nov 08, 2023 at 03:07 PM
-- Server version: 8.0.27
-- PHP Version: 7.4.27

SET SQL_MODE = "NO_AUTO_VALUE_ON_ZERO";
SET time_zone = "+00:00";


/*!40101 SET @OLD_CHARACTER_SET_CLIENT=@@CHARACTER_SET_CLIENT */;
/*!40101 SET @OLD_CHARACTER_SET_RESULTS=@@CHARACTER_SET_RESULTS */;
/*!40101 SET @OLD_COLLATION_CONNECTION=@@COLLATION_CONNECTION */;
/*!40101 SET NAMES utf8mb4 */;

--
-- Database: `whatsapp_group_newapi`
--

-- --------------------------------------------------------

--
-- Table structure for table `api_log`
--

CREATE TABLE IF NOT EXISTS `api_log` (
  `log_id` int NOT NULL,
  `user_id` int NOT NULL,
  `api_url` varchar(50) NOT NULL,
  `ip_address` varchar(30) NOT NULL,
  `request_id` varchar(30) NOT NULL,
  `response_status` char(1) NOT NULL,
  `response_comments` varchar(150) NOT NULL,
  `response_date` timestamp NOT NULL DEFAULT '0000-00-00 00:00:00',
  `log_status` char(1) NOT NULL,
  `log_entry_date` timestamp NOT NULL DEFAULT '0000-00-00 00:00:00'
) ENGINE=InnoDB AUTO_INCREMENT=898 DEFAULT CHARSET=utf8mb3;

--
-- Dumping data for table `api_log`
--

INSERT INTO `api_log` (`log_id`, `user_id`, `api_url`, `ip_address`, `request_id`, `response_status`, `response_comments`, `response_date`, `log_status`, `log_entry_date`) VALUES
(1, 0, '/login', 'undefined', '1234', 'S', 'Success', '2023-07-06 08:53:29', 'Y', '2023-07-06 08:53:28'),
(2, 0, '/sender_id/delete_sender_id', 'undefined', '1234', 'F', 'Error Occurred.', '2023-07-06 08:55:31', 'Y', '2023-07-06 08:55:31'),
(3, 0, '/sender_id/delete_sender_id', 'undefined', '1234', 'F', 'Request already processed', '2023-07-06 08:56:29', 'Y', '2023-07-06 08:56:29'),
(4, 0, '/sender_id/delete_sender_id', 'undefined', '12345', 'F', 'Sender ID not found.', '2023-07-06 08:57:21', 'Y', '2023-07-06 08:57:21'),
(5, 0, '/sender_id/delete_sender_id', 'undefined', '123456', 'F', 'Sender ID not found.', '2023-07-06 08:58:20', 'Y', '2023-07-06 08:58:20'),
(6, 0, '/sender_id/delete_sender_id', 'undefined', '123456', 'F', 'Request already processed', '2023-07-06 08:58:25', 'Y', '2023-07-06 08:58:25'),
(7, 0, '/sender_id/delete_sender_id', 'undefined', '1234567', 'S', 'Success', '2023-07-06 08:58:29', 'Y', '2023-07-06 08:58:28'),
(8, 0, '/sender_id/delete_sender_id', 'undefined', '1234567', 'F', 'Request already processed', '2023-07-06 08:59:27', 'Y', '2023-07-06 08:59:26'),
(9, 0, '/sender_id/delete_sender_id', 'undefined', '1234568', 'S', 'Success', '2023-07-06 08:59:32', 'Y', '2023-07-06 08:59:31'),
(10, 0, '/logout', 'undefined', '1234568', 'F', 'Error Occurred.', '2023-07-06 09:00:10', 'Y', '2023-07-06 09:00:10'),
(11, 0, '/logout', 'undefined', '1234568', 'F', 'Request already processed', '2023-07-06 09:01:11', 'Y', '2023-07-06 09:01:11'),
(12, 0, '/logout', 'undefined', '1234578', 'F', 'Error Occurred.', '2023-07-06 09:01:49', 'Y', '2023-07-06 09:01:48'),
(13, 0, '/login', 'undefined', '12342', 'S', 'Success', '2023-07-06 09:07:49', 'Y', '2023-07-06 09:07:39'),
(14, 0, '/add_group', 'undefined', '123123', 'F', 'Error occurred', '2023-07-06 09:08:26', 'Y', '2023-07-06 09:08:25'),
(15, 0, '/add_group', 'undefined', '123123', 'F', 'Request already processed', '2023-07-06 09:10:55', 'Y', '2023-07-06 09:10:54'),
(16, 0, '/add_group', 'undefined', '1231231', 'F', 'Group not found', '2023-07-06 09:11:02', 'Y', '2023-07-06 09:11:01'),
(17, 0, '/create_group', 'undefined', '1231231', 'F', 'Request already processed', '2023-07-06 09:15:01', 'Y', '2023-07-06 09:15:01'),
(18, 0, '/create_group', 'undefined', '12312315', 'F', 'Error occurred', '2023-07-06 09:15:07', 'Y', '2023-07-06 09:15:06'),
(19, 0, '/create_group', 'undefined', '123123155', 'F', 'Error occurred', '2023-07-06 09:20:48', 'Y', '2023-07-06 09:20:47'),
(20, 0, '/create_group', 'undefined', '1231231555', 'F', 'Error occurred', '2023-07-06 09:22:12', 'Y', '2023-07-06 09:22:11'),
(21, 0, '/create_group', 'undefined', '12312315515', 'F', 'Error occurred', '2023-07-06 09:23:40', 'Y', '2023-07-06 09:23:39'),
(22, 0, '/create_group', 'undefined', '123123155155', 'F', 'Error occurred', '2023-07-06 09:25:38', 'Y', '2023-07-06 09:25:37'),
(23, 0, '/create_group', 'undefined', '1231231551525', 'F', 'No contacts found', '2023-07-06 09:26:59', 'Y', '2023-07-06 09:26:42'),
(24, 0, '/add_group', 'undefined', '1231231551525', 'F', 'Request already processed', '2023-07-06 09:28:18', 'Y', '2023-07-06 09:28:18'),
(25, 0, '/add_group', 'undefined', '12312315525', 'F', 'Group not found', '2023-07-06 09:28:23', 'Y', '2023-07-06 09:28:22'),
(26, 0, '/add_group', 'undefined', '12312315525', 'F', 'Request already processed', '2023-07-06 09:28:41', 'Y', '2023-07-06 09:28:41'),
(27, 0, '/add_group', 'undefined', '123123155225', 'F', 'Group not found', '2023-07-06 09:28:45', 'Y', '2023-07-06 09:28:45'),
(28, 0, '/add_group', 'undefined', '123123155225', 'F', 'Request already processed', '2023-07-06 09:29:08', 'Y', '2023-07-06 09:29:08'),
(29, 0, '/add_group', 'undefined', '1231231552245', 'F', 'No contacts found', '2023-07-06 09:29:28', 'Y', '2023-07-06 09:29:12'),
(30, 0, '/get_qrcode', 'undefined', '1234', 'F', 'Request already processed', '2023-07-06 09:32:58', 'Y', '2023-07-06 09:32:58'),
(31, 0, '/get_qrcode', 'undefined', '12340', 'F', 'Mobile number already exists', '2023-07-06 09:33:03', 'Y', '2023-07-06 09:33:03'),
(32, 0, '/get_qrcode', 'undefined', '1234', 'F', 'Request already processed', '2023-07-06 10:15:51', 'Y', '2023-07-06 10:15:51'),
(33, 0, '/login', 'undefined', 'YJt@123#', 'S', 'Success', '2023-07-06 10:37:24', 'Y', '2023-07-06 10:37:24'),
(34, 0, '/login', 'undefined', '12342', 'F', 'Request already processed', '2023-07-06 10:40:17', 'Y', '2023-07-06 10:40:17'),
(35, 0, '/login', 'undefined', '12342897678678', 'S', 'Success', '2023-07-06 10:45:31', 'Y', '2023-07-06 10:45:31'),
(36, 0, '/login', 'undefined', '12342897678678', 'F', 'Request already processed', '2023-07-06 10:53:32', 'Y', '2023-07-06 10:53:31'),
(37, 0, '/login', 'undefined', '1234289767867', 'S', 'Success', '2023-07-06 10:53:40', 'Y', '2023-07-06 10:53:40'),
(38, 0, '/login', 'undefined', '7110858595', 'S', 'Success', '2023-07-06 10:56:28', 'Y', '2023-07-06 10:56:28'),
(39, 0, '/login', 'undefined', '5606521567', 'S', 'Success', '2023-07-06 10:57:00', 'Y', '2023-07-06 10:57:00'),
(40, 0, '/login', 'undefined', '5193401394', 'S', 'Success', '2023-07-06 10:57:36', 'Y', '2023-07-06 10:57:36'),
(41, 0, '/login', 'undefined', '7310188389', 'S', 'Success', '2023-07-06 10:59:22', 'Y', '2023-07-06 10:59:22'),
(42, 0, '/login', 'undefined', '9856124532', 'S', 'Success', '2023-07-06 11:00:13', 'Y', '2023-07-06 11:00:12'),
(43, 0, '/login', 'undefined', '3901681372', 'S', 'Success', '2023-07-06 11:00:43', 'Y', '2023-07-06 11:00:43'),
(44, 0, '/login', 'undefined', '2252623723', 'S', 'Success', '2023-07-06 11:01:21', 'Y', '2023-07-06 11:01:21'),
(45, 0, '/login', 'undefined', '5433483289', 'S', 'Success', '2023-07-06 11:01:41', 'Y', '2023-07-06 11:01:41'),
(46, 0, '/login', 'undefined', '78167826', 'S', 'Success', '2023-07-06 11:10:37', 'Y', '2023-07-06 11:10:37'),
(47, 0, '/logout', 'undefined', '1234289767865643', 'S', 'Success', '2023-07-06 11:11:02', 'Y', '2023-07-06 11:11:01'),
(48, 0, '/login', 'undefined', '3448346865', 'F', 'Invalid Password. Kindly try again with the valid details!', '2023-07-06 11:17:28', 'Y', '2023-07-06 11:17:28'),
(49, 0, '/login', 'undefined', '2136943221', 'F', 'Invalid User. Kindly try again with the valid User!', '2023-07-06 11:18:00', 'Y', '2023-07-06 11:18:00'),
(50, 0, '/login', 'undefined', '6434020994', 'S', 'Success', '2023-07-06 11:18:11', 'Y', '2023-07-06 11:18:11'),
(51, 0, '/login', 'undefined', '6916718150', 'S', 'Success', '2023-07-06 11:19:10', 'Y', '2023-07-06 11:19:10'),
(52, 0, '/login', 'undefined', '9318696351', 'S', 'Success', '2023-07-06 11:24:29', 'Y', '2023-07-06 11:24:28'),
(53, 0, '/login', 'undefined', '3324428284', 'S', 'Success', '2023-07-06 11:25:48', 'Y', '2023-07-06 11:25:48'),
(54, 0, '/login', 'undefined', '7664881665', 'S', 'Success', '2023-07-06 11:33:38', 'Y', '2023-07-06 11:33:38'),
(55, 0, '/login', 'undefined', '7398294854', 'S', 'Success', '2023-07-06 11:43:55', 'Y', '2023-07-06 11:43:54'),
(56, 0, '/login', 'undefined', '9933558205', 'S', 'Success', '2023-07-06 11:53:47', 'Y', '2023-07-06 11:53:46'),
(57, 0, '/get_qrcode', 'undefined', '101', 'S', 'Success', '2023-07-06 12:07:07', 'Y', '2023-07-06 12:06:47'),
(58, 0, '/get_qrcode', 'undefined', '101', 'F', 'Request already processed', '2023-07-06 12:07:47', 'Y', '2023-07-06 12:07:47'),
(59, 0, '/get_qrcode', 'undefined', '1', 'S', 'Success', '2023-07-06 12:09:53', 'Y', '2023-07-06 12:09:47'),
(60, 0, '/get_qrcode', 'undefined', '1_', 'S', 'Success', '2023-07-06 12:10:53', 'Y', '2023-07-06 12:10:47'),
(61, 0, '/get_qrcode', 'undefined', '1_2023_2023_2023_2023', 'S', 'Success', '2023-07-06 12:11:53', 'Y', '2023-07-06 12:11:48'),
(62, 0, '/get_qrcode', 'undefined', '1_2023_2023_2023_2023', 'F', 'Request already processed', '2023-07-06 12:13:22', 'Y', '2023-07-06 12:13:22'),
(63, 0, '/get_qrcode', 'undefined', '1_2023_2023_2023_2023', 'F', 'Request already processed', '2023-07-06 12:14:22', 'Y', '2023-07-06 12:14:22'),
(64, 0, '/get_qrcode', 'undefined', '1_2023_2023_2023_2023', 'F', 'Request already processed', '2023-07-06 12:15:22', 'Y', '2023-07-06 12:15:22'),
(65, 0, '/get_qrcode', 'undefined', '1_2023_2023_2023_2023', 'F', 'Request already processed', '2023-07-06 12:16:22', 'Y', '2023-07-06 12:16:22'),
(66, 0, '/get_qrcode', 'undefined', '1_2023_2023_2023_2023', 'F', 'Request already processed', '2023-07-06 12:17:22', 'Y', '2023-07-06 12:17:22'),
(67, 0, '/get_qrcode', 'undefined', '1_2023_2023_2023_2023', 'F', 'Request already processed', '2023-07-06 12:18:22', 'Y', '2023-07-06 12:18:22'),
(68, 0, '/get_qrcode', 'undefined', '1_2023_2023_2023_2023', 'F', 'Request already processed', '2023-07-06 12:19:22', 'Y', '2023-07-06 12:19:22'),
(69, 0, '/get_qrcode', 'undefined', '1_2023_2023_2023_2023', 'F', 'Request already processed', '2023-07-06 12:20:22', 'Y', '2023-07-06 12:20:22'),
(70, 0, '/get_qrcode', 'undefined', '1_2023_2023_2023_2023', 'F', 'Request already processed', '2023-07-06 12:21:22', 'Y', '2023-07-06 12:21:22'),
(71, 0, '/get_qrcode', 'undefined', '1_2023_2023_2023_2023', 'F', 'Request already processed', '2023-07-06 12:22:22', 'Y', '2023-07-06 12:22:22'),
(72, 0, '/get_qrcode', 'undefined', '1_2023_2023_2023_2023', 'F', 'Request already processed', '2023-07-06 12:23:22', 'Y', '2023-07-06 12:23:22'),
(73, 0, '/get_qrcode', 'undefined', '1_2023_2023_2023_2023', 'F', 'Request already processed', '2023-07-06 12:24:22', 'Y', '2023-07-06 12:24:22'),
(74, 0, '/get_qrcode', 'undefined', '1_2023_2023_2023_2023', 'F', 'Request already processed', '2023-07-06 12:25:22', 'Y', '2023-07-06 12:25:22'),
(75, 0, '/get_qrcode', 'undefined', '1_2023_2023_2023_2023', 'F', 'Request already processed', '2023-07-06 12:26:22', 'Y', '2023-07-06 12:26:22'),
(76, 0, '/get_qrcode', 'undefined', '1_2023_2023_2023_2023', 'F', 'Request already processed', '2023-07-06 12:27:22', 'Y', '2023-07-06 12:27:22'),
(77, 0, '/get_qrcode', 'undefined', '1_2023_2023_2023_2023', 'F', 'Request already processed', '2023-07-06 12:28:22', 'Y', '2023-07-06 12:28:22'),
(78, 0, '/get_qrcode', 'undefined', '1_2023_2023_2023_2023', 'F', 'Request already processed', '2023-07-06 12:29:22', 'Y', '2023-07-06 12:29:22'),
(79, 0, '/get_qrcode', 'undefined', '1_2023_2023_2023_2023', 'F', 'Request already processed', '2023-07-06 12:30:22', 'Y', '2023-07-06 12:30:22'),
(80, 0, '/get_qrcode', 'undefined', '1_2023_2023_2023_2023', 'F', 'Request already processed', '2023-07-06 12:31:22', 'Y', '2023-07-06 12:31:22'),
(81, 0, '/get_qrcode', 'undefined', '1_2023_2023_2023_2023', 'F', 'Request already processed', '2023-07-06 12:32:27', 'Y', '2023-07-06 12:32:27'),
(82, 0, '/get_qrcode', 'undefined', '1_2023_2023_2023_2023', 'F', 'Request already processed', '2023-07-06 12:33:22', 'Y', '2023-07-06 12:33:22'),
(83, 0, '/get_qrcode', 'undefined', '1_2023_2023_2023_2023', 'F', 'Request already processed', '2023-07-06 12:34:22', 'Y', '2023-07-06 12:34:22'),
(84, 0, '/get_qrcode', '59.92.107.49', '1_2023_2023_2023_2023', 'F', 'Request already processed', '2023-07-06 12:35:22', 'Y', '2023-07-06 12:35:22'),
(85, 0, '/get_qrcode', '59.92.107.49', '1_2023_2023_2023_2023', 'F', 'Request already processed', '2023-07-06 12:36:22', 'Y', '2023-07-06 12:36:22'),
(86, 0, '/get_qrcode', '59.92.107.49', '1_2023_186_181139_2023', 'S', 'Success', '2023-07-06 12:37:27', 'Y', '2023-07-06 12:37:22'),
(87, 0, '/get_qrcode', '59.92.107.49', '1_2023_186_181212_26341', 'S', 'Success', '2023-07-06 12:38:00', 'Y', '2023-07-06 12:37:54'),
(88, 0, '/get_qrcode', '59.92.107.49', '1_2023_186_181234_72871', 'S', 'Success', '2023-07-06 12:38:23', 'Y', '2023-07-06 12:38:17'),
(89, 0, '/get_qrcode', '59.92.107.49', '1_2023_186_181324_15794', 'S', 'Success', '2023-07-06 12:39:12', 'Y', '2023-07-06 12:39:06'),
(90, 0, '/get_qrcode', '59.92.107.49', '1_2023_186_181424_57947', 'S', 'Success', '2023-07-06 12:40:12', 'Y', '2023-07-06 12:40:06'),
(91, 0, '/get_qrcode', '59.92.107.49', '1_2023_186_181524_50912', 'S', 'Success', '2023-07-06 12:41:13', 'Y', '2023-07-06 12:41:07'),
(92, 0, '/get_qrcode', '59.92.107.49', '1_2023_186_181624_73829', 'S', 'Success', '2023-07-06 12:42:12', 'Y', '2023-07-06 12:42:07'),
(93, 0, '/get_qrcode', '59.92.107.49', '1_2023_186_181739_75268', 'S', 'Success', '2023-07-06 12:43:28', 'Y', '2023-07-06 12:43:22'),
(94, 0, '/get_qrcode', '59.92.107.49', '1_2023_186_181839_46389', 'S', 'Success', '2023-07-06 12:44:28', 'Y', '2023-07-06 12:44:22'),
(95, 0, '/get_qrcode', '59.92.107.49', '1_2023_186_181939_75396', 'S', 'Success', '2023-07-06 12:45:28', 'Y', '2023-07-06 12:45:22'),
(96, 0, '/get_qrcode', '59.92.107.49', '1_2023_186_182039_98935', 'S', 'Success', '2023-07-06 12:46:28', 'Y', '2023-07-06 12:46:22'),
(97, 0, '/get_qrcode', '59.92.107.49', '896127861782', 'S', 'Success', '2023-07-06 12:47:14', 'Y', '2023-07-06 12:47:09'),
(98, 0, '/get_qrcode', '59.92.107.49', '1_2023_186_182139_26191', 'S', 'Success', '2023-07-06 12:47:28', 'Y', '2023-07-06 12:47:22'),
(99, 0, '/get_qrcode', '59.92.107.49', '1_2023_186_182200_53636', 'S', 'Success', '2023-07-06 12:47:48', 'Y', '2023-07-06 12:47:42'),
(100, 0, '/get_qrcode', 'undefined', '111222333', 'S', 'Success', '2023-07-06 12:50:44', 'Y', '2023-07-06 12:50:39'),
(101, 0, '/add_group', 'undefined', '00099888', 'F', 'Group not found', '2023-07-06 12:52:14', 'Y', '2023-07-06 12:52:14'),
(102, 0, '/create_group', 'undefined', '00099888555', 'F', 'No contacts found', '2023-07-06 12:53:01', 'Y', '2023-07-06 12:52:44'),
(103, 0, '/create_group', 'undefined', '00099888555', 'F', 'Request already processed', '2023-07-06 12:54:28', 'Y', '2023-07-06 12:54:28'),
(104, 0, '/create_group', 'undefined', '000998885559', 'F', 'No contacts found', '2023-07-06 12:54:48', 'Y', '2023-07-06 12:54:32'),
(105, 0, '/get_qrcode', '59.92.107.49', '1_2023_186_183802_47608', 'S', 'Success', '2023-07-06 13:03:51', 'Y', '2023-07-06 13:03:44'),
(106, 0, '/get_qrcode', '59.92.107.49', '1_2023_186_183830_95403', 'S', 'Success', '2023-07-06 13:04:19', 'Y', '2023-07-06 13:04:12'),
(107, 0, '/create_group', 'undefined', '0009988855559', 'F', 'Error occurred', '2023-07-06 13:07:01', 'Y', '2023-07-06 13:06:45'),
(108, 0, '/create_group', 'undefined', '00099888555590', 'F', 'Error occurred', '2023-07-06 13:08:25', 'Y', '2023-07-06 13:08:09'),
(109, 0, '/create_group', 'undefined', '00099888555500', 'F', 'Error occurred', '2023-07-06 13:09:32', 'Y', '2023-07-06 13:09:16'),
(110, 0, '/create_group', 'undefined', '00099888555580', 'F', 'Error occurred', '2023-07-06 13:10:41', 'Y', '2023-07-06 13:10:25'),
(111, 0, '/create_group', 'undefined', '000998808555580', 'F', 'Error occurred', '2023-07-06 13:13:00', 'Y', '2023-07-06 13:12:44'),
(112, 0, '/create_group', 'undefined', '00998808555580', 'F', 'Error occurred', '2023-07-06 13:14:04', 'Y', '2023-07-06 13:13:47'),
(113, 0, '/create_group', 'undefined', '0998808555580', 'F', 'Error occurred', '2023-07-06 13:15:09', 'Y', '2023-07-06 13:14:51'),
(114, 0, '/sender_id/delete_sender_id', '59.92.107.49', '1_2023186184926_1311', 'F', 'Sender ID not found.', '2023-07-06 13:15:08', 'Y', '2023-07-06 13:15:08'),
(115, 0, '/create_group', 'undefined', '099808555580', 'F', 'No contacts found', '2023-07-06 13:16:54', 'Y', '2023-07-06 13:16:36'),
(116, 0, '/sender_id/delete_sender_id', '59.92.107.49', '1_2023186184926_1311', 'F', 'Request already processed', '2023-07-06 13:17:02', 'Y', '2023-07-06 13:17:02'),
(117, 0, '/sender_id/delete_sender_id', '59.92.107.49', '1_2023186184926_1312', 'F', 'Sender ID not found.', '2023-07-06 13:17:10', 'Y', '2023-07-06 13:17:10'),
(118, 0, '/sender_id/delete_sender_id', '59.92.107.49', '1_2023186184926_1310', 'S', 'Success', '2023-07-06 13:22:39', 'Y', '2023-07-06 13:22:39'),
(119, 0, '/sender_id/delete_sender_id', '59.92.107.49', '1_2023186185717_8651', 'S', 'Success', '2023-07-06 13:23:00', 'Y', '2023-07-06 13:22:59'),
(120, 0, '/sender_id/delete_sender_id', '59.92.107.49', '1_2023186185758_5766', 'S', 'Success', '2023-07-06 13:23:41', 'Y', '2023-07-06 13:23:40'),
(121, 0, '/get_qrcode', 'undefined', '111222333', 'F', 'Request already processed', '2023-07-06 13:32:36', 'Y', '2023-07-06 13:32:36'),
(122, 0, '/get_qrcode', 'undefined', '111222333555', 'S', 'Success', '2023-07-06 13:32:46', 'Y', '2023-07-06 13:32:42'),
(123, 0, '/create_group', 'undefined', '09980855558055', 'F', 'No contacts found', '2023-07-06 13:33:31', 'Y', '2023-07-06 13:33:14'),
(124, 0, '/get_qrcode', 'undefined', '11122233355', 'S', 'Success', '2023-07-06 13:34:24', 'Y', '2023-07-06 13:34:20'),
(125, 0, '/create_group', 'undefined', '09980855558055', 'F', 'Request already processed', '2023-07-06 13:34:45', 'Y', '2023-07-06 13:34:44'),
(126, 0, '/create_group', 'undefined', '099808555585055', 'F', 'No contacts found', '2023-07-06 13:35:16', 'Y', '2023-07-06 13:35:00'),
(127, 0, '/get_qrcode', 'undefined', '111222333955', 'S', 'Success', '2023-07-06 13:40:08', 'Y', '2023-07-06 13:40:03'),
(128, 0, '/create_group', 'undefined', '09980855559055', 'F', 'No contacts found', '2023-07-06 13:40:51', 'Y', '2023-07-06 13:40:35'),
(129, 0, '/get_qrcode', 'undefined', '111222333999', 'S', 'Success', '2023-07-06 13:45:41', 'Y', '2023-07-06 13:45:36'),
(130, 0, '/create_group', 'undefined', '09980899959055', 'F', 'No contacts found', '2023-07-06 13:46:29', 'Y', '2023-07-06 13:46:11'),
(131, 0, '/create_group', 'undefined', '09980859055', 'F', 'No contacts found', '2023-07-06 13:52:30', 'Y', '2023-07-06 13:52:14'),
(132, 0, '/get_qrcode', 'undefined', '111222999', 'S', 'Success', '2023-07-06 13:55:08', 'Y', '2023-07-06 13:55:04'),
(133, 0, '/create_group', 'undefined', '00099999999', 'F', 'No contacts found', '2023-07-06 13:55:57', 'Y', '2023-07-06 13:55:41'),
(134, 0, '/login', '183.82.119.222', '1234', 'F', 'Request already processed', '2023-07-07 04:27:40', 'Y', '2023-07-07 04:27:40'),
(135, 0, '/login', '59.92.107.49', '8661529289', 'S', 'Success', '2023-07-07 04:29:30', 'Y', '2023-07-07 04:29:30'),
(136, 0, '/get_qrcode', 'undefined', '11122299669', 'S', 'Success', '2023-07-07 06:32:31', 'Y', '2023-07-07 06:32:26'),
(137, 0, '/create_group', 'undefined', '0009999996699', 'F', 'No contacts found', '2023-07-07 06:34:54', 'Y', '2023-07-07 06:34:38'),
(138, 0, '/create_group', '183.82.119.222', '0009999996699', 'F', 'Request already processed', '2023-07-07 09:42:23', 'Y', '2023-07-07 09:42:23'),
(139, 0, '/create_group', '183.82.119.222', '0009999996699', 'F', 'Request already processed', '2023-07-07 09:47:56', 'Y', '2023-07-07 09:47:56'),
(140, 0, '/create_group', '59.92.107.49', '1_2023187152808_7322', 'F', 'Sender ID not found', '2023-07-07 09:53:48', 'Y', '2023-07-07 09:53:48'),
(141, 0, '/create_group', '59.92.107.49', '1_2023187153015_3759', 'F', 'Sender ID not found', '2023-07-07 09:55:55', 'Y', '2023-07-07 09:55:55'),
(142, 0, '/create_group', '59.92.107.49', '1_2023187153113_2776', 'N', '-', '0000-00-00 00:00:00', 'Y', '2023-07-07 09:56:53'),
(143, 0, '/add_group', '59.92.107.49', '1_2023187153359_2740', 'F', 'Sender ID not found', '2023-07-07 09:59:39', 'Y', '2023-07-07 09:59:39'),
(144, 0, '/create_group', '59.92.107.49', '1_2023187153430_6733', 'N', '-', '0000-00-00 00:00:00', 'Y', '2023-07-07 10:00:10'),
(145, 0, '/add_group', '59.92.107.49', '1_2023187153722_7860', 'F', 'Group not found', '2023-07-07 10:03:02', 'Y', '2023-07-07 10:03:02'),
(146, 0, '/create_group', '59.92.107.49', '1_2023187151200_2136', 'N', '-', '0000-00-00 00:00:00', 'Y', '2023-07-07 10:03:38'),
(147, 0, '/create_group', '183.82.119.222', '0009999996699', 'F', 'Request already processed', '2023-07-07 10:05:47', 'Y', '2023-07-07 10:05:47'),
(148, 0, '/create_group', '183.82.119.222', '1_2023187151200_2136', 'N', '-', '0000-00-00 00:00:00', 'Y', '2023-07-07 10:09:29'),
(150, 0, '/sender_id/delete_sender_id', '59.92.107.49', '1_2023187155905_2289', 'S', 'Success', '2023-07-07 10:24:45', 'Y', '2023-07-07 10:24:45'),
(151, 0, '/get_qrcode', '59.92.107.49', '1_2023187155916_6995', 'S', 'Success', '2023-07-07 10:25:02', 'Y', '2023-07-07 10:24:56'),
(152, 0, '/get_qrcode', '59.92.107.49', '1_2023187160011_6013', 'S', 'Success', '2023-07-07 10:25:57', 'Y', '2023-07-07 10:25:51'),
(153, 0, '/sender_id/delete_sender_id', '59.92.107.49', '1_2023187160048_3013', 'S', 'Success', '2023-07-07 10:26:28', 'Y', '2023-07-07 10:26:28'),
(154, 0, '/get_qrcode', '59.92.107.49', '1_2023187160259_2533', 'S', 'Success', '2023-07-07 10:28:45', 'Y', '2023-07-07 10:28:39'),
(155, 0, '/get_qrcode', '59.92.107.49', '1_2023187160346_4404', 'F', 'Mobile number already exists', '2023-07-07 10:29:26', 'Y', '2023-07-07 10:29:26'),
(156, 0, '/get_qrcode', '59.92.107.49', '1_2023187160446_1853', 'F', 'Mobile number already exists', '2023-07-07 10:30:26', 'Y', '2023-07-07 10:30:26'),
(157, 0, '/create_group', '59.92.107.49', '1_2023187160544_1842', 'F', 'No contacts found', '2023-07-07 10:31:43', 'Y', '2023-07-07 10:31:24'),
(158, 0, '/create_group', '59.92.107.49', '1_2023187151200_210836', 'F', 'No contacts found', '2023-07-07 10:32:28', 'Y', '2023-07-07 10:32:09'),
(159, 0, '/create_csv', '59.92.107.49', '176512763512', 'F', 'Error occurred', '2023-07-07 11:22:58', 'Y', '2023-07-07 11:22:58'),
(160, 0, '/create_csv', '59.92.107.49', '76567', 'F', 'Error occurred', '2023-07-07 11:23:09', 'Y', '2023-07-07 11:23:09'),
(161, 0, '/create_csv', '59.92.107.49', '1_2023187170313_6514', 'F', 'Error occurred', '2023-07-07 11:28:53', 'Y', '2023-07-07 11:28:53'),
(162, 0, '/create_csv', '59.92.107.49', '1_2023187170515_8234', 'F', 'Error occurred', '2023-07-07 11:30:55', 'Y', '2023-07-07 11:30:55'),
(163, 0, '/create_csv', '59.92.107.49', '1_2023187182813_9719', 'F', 'Error occurred', '2023-07-07 12:53:54', 'Y', '2023-07-07 12:53:53'),
(164, 0, '/create_csv', '59.92.107.49', '76567', 'F', 'Request already processed', '2023-07-07 12:54:13', 'Y', '2023-07-07 12:54:13'),
(165, 0, '/create_csv', '59.92.107.49', '76376567', 'F', 'Error occurred', '2023-07-07 12:54:19', 'Y', '2023-07-07 12:54:19'),
(166, 0, '/login', '59.92.107.49', '5438252317', 'S', 'Success', '2023-07-08 04:15:40', 'Y', '2023-07-08 04:15:40'),
(167, 0, '/login', '59.92.107.49', '3336147020', 'S', 'Success', '2023-07-08 04:26:14', 'Y', '2023-07-08 04:26:14'),
(168, 0, '/login', '59.92.107.49', '1148328131', 'S', 'Success', '2023-07-08 04:33:00', 'Y', '2023-07-08 04:33:00'),
(169, 0, '/login', '59.92.107.49', '9225085370', 'S', 'Success', '2023-07-08 04:33:16', 'Y', '2023-07-08 04:33:15'),
(170, 0, '/login', '59.92.107.49', '9965769572', 'S', 'Success', '2023-07-08 04:43:08', 'Y', '2023-07-08 04:43:07'),
(171, 0, '/get_qrcode', '59.92.107.49', '2_2023188102004_9670', 'S', 'Success', '2023-07-08 04:45:48', 'Y', '2023-07-08 04:45:42'),
(172, 0, '/get_qrcode', '59.92.107.49', '2_2023188102037_3387', 'F', 'Mobile number already exists', '2023-07-08 04:46:16', 'Y', '2023-07-08 04:46:15'),
(173, 0, '/get_qrcode', '59.92.107.49', '2_2023188102137_2877', 'F', 'Mobile number already exists', '2023-07-08 04:47:16', 'Y', '2023-07-08 04:47:15'),
(174, 0, '/get_qrcode', '59.92.107.49', '2_2023188102237_5548', 'F', 'Mobile number already exists', '2023-07-08 04:48:16', 'Y', '2023-07-08 04:48:15'),
(175, 0, '/get_qrcode', '59.92.107.49', '2_2023188102337_2836', 'F', 'Mobile number already exists', '2023-07-08 04:49:15', 'Y', '2023-07-08 04:49:15'),
(176, 0, '/get_qrcode', '59.92.107.49', '2_2023188102437_2326', 'F', 'Mobile number already exists', '2023-07-08 04:50:15', 'Y', '2023-07-08 04:50:15'),
(177, 0, '/get_qrcode', '59.92.107.49', '2_2023188102537_6486', 'F', 'Mobile number already exists', '2023-07-08 04:51:15', 'Y', '2023-07-08 04:51:15'),
(178, 0, '/login', '192.168.1.27', '9556814741', 'S', 'Success', '2023-07-08 04:51:34', 'Y', '2023-07-08 04:51:34'),
(179, 0, '/login', '192.168.1.27', '2164193045', 'S', 'Success', '2023-07-08 05:03:59', 'Y', '2023-07-08 05:03:58'),
(180, 0, '/get_qrcode', '192.168.1.27', '2_2023188103750_2886', 'S', 'Success', '2023-07-08 05:07:56', 'Y', '2023-07-08 05:07:50'),
(181, 0, '/get_qrcode', '192.168.1.27', '2_2023188103839_6976', 'F', 'Mobile number already exists', '2023-07-08 05:08:39', 'Y', '2023-07-08 05:08:39'),
(182, 0, '/get_qrcode', '192.168.1.27', '2_2023188103939_7323', 'F', 'Mobile number already exists', '2023-07-08 05:09:39', 'Y', '2023-07-08 05:09:39'),
(183, 0, '/get_qrcode', '192.168.1.27', '2_2023188104039_8096', 'F', 'Mobile number already exists', '2023-07-08 05:10:39', 'Y', '2023-07-08 05:10:39'),
(184, 0, '/create_csv', '59.92.107.49', '1_2023188105649_2406', 'F', 'Error occurred', '2023-07-08 05:22:27', 'Y', '2023-07-08 05:22:27'),
(185, 0, '/create_csv', '59.92.107.49', '76376567', 'F', 'Request already processed', '2023-07-08 05:24:04', 'Y', '2023-07-08 05:24:04'),
(186, 0, '/create_csv', '59.92.107.49', '76377866567', 'F', 'Error occurred', '2023-07-08 05:24:13', 'Y', '2023-07-08 05:24:13'),
(187, 0, '/create_csv', '183.82.119.222', '76377866567', 'F', 'Request already processed', '2023-07-08 05:26:30', 'Y', '2023-07-08 05:26:30'),
(188, 0, '/create_csv', '183.82.119.222', '76377866568', 'F', 'Error occurred', '2023-07-08 05:26:37', 'Y', '2023-07-08 05:26:37'),
(189, 0, '/create_csv', '183.82.119.222', '76377866569', 'F', 'Error occurred', '2023-07-08 05:27:25', 'Y', '2023-07-08 05:27:25'),
(190, 0, '/create_csv', '183.82.119.222', '76377866569', 'F', 'Request already processed', '2023-07-08 05:31:39', 'Y', '2023-07-08 05:31:39'),
(191, 0, '/create_csv', '183.82.119.222', '76377866560', 'F', 'Error occurred', '2023-07-08 05:31:49', 'Y', '2023-07-08 05:31:49'),
(192, 0, '/create_csv', '183.82.119.222', '76377866560', 'F', 'Request already processed', '2023-07-08 05:34:47', 'Y', '2023-07-08 05:34:47'),
(193, 0, '/create_csv', '183.82.119.222', '76377866561', 'S', 'Success', '2023-07-08 05:39:07', 'Y', '2023-07-08 05:34:51'),
(194, 0, '/create_csv', '183.82.119.222', '76377866561', 'S', 'Success', '2023-07-08 05:39:07', 'Y', '2023-07-08 05:36:03'),
(195, 0, '/create_csv', '183.82.119.222', '76377866561', 'S', 'Success', '2023-07-08 05:39:07', 'Y', '2023-07-08 05:39:07'),
(196, 0, '/create_csv', '59.92.107.49', '76377866567', 'F', 'Request already processed', '2023-07-08 05:42:28', 'Y', '2023-07-08 05:42:28'),
(197, 0, '/create_csv', '59.92.107.49', '7637786613567', 'S', 'Success', '2023-07-08 05:42:40', 'Y', '2023-07-08 05:42:39'),
(198, 0, '/create_csv', '59.92.107.49', '1_2023188112511_6692', 'S', 'Success', '2023-07-08 05:50:50', 'Y', '2023-07-08 05:50:50'),
(199, 0, '/create_csv', '59.92.107.49', '1_2023188112529_9439', 'S', 'Success', '2023-07-08 05:51:08', 'Y', '2023-07-08 05:51:08'),
(200, 0, '/login', '192.168.1.27', '3946263581', 'S', 'Success', '2023-07-08 07:21:08', 'Y', '2023-07-08 07:21:08'),
(201, 0, '/create_csv', '192.168.1.27', '2_2023188125118_4977', 'S', 'Success', '2023-07-08 07:21:18', 'Y', '2023-07-08 07:21:18'),
(202, 0, '/create_group', '192.168.1.27', '2_2023188125152_2181', 'F', 'No contacts found', '2023-07-08 07:22:10', 'Y', '2023-07-08 07:21:52'),
(203, 0, '/login', '192.168.1.27', '5409609715', 'S', 'Success', '2023-07-08 10:51:29', 'Y', '2023-07-08 10:51:28'),
(204, 0, '/login', '192.168.1.27', '9014890350', 'S', 'Success', '2023-07-08 10:55:12', 'Y', '2023-07-08 10:55:11'),
(205, 0, '/login', '59.92.107.49', '1150464359', 'S', 'Success', '2023-07-08 11:00:10', 'Y', '2023-07-08 11:00:10'),
(206, 0, '/create_group', '192.168.1.27', '2_2023188165647_2520', 'S', 'Success', '2023-07-08 11:27:06', 'Y', '2023-07-08 11:26:47'),
(207, 0, '/login', '59.92.107.49', '1634392718', 'S', 'Success', '2023-07-10 04:06:42', 'Y', '2023-07-10 04:06:42'),
(208, 0, '/add_group', '59.92.107.49', '1_2023190121753_5088', 'F', 'No contacts found', '2023-07-10 06:43:50', 'Y', '2023-07-10 06:43:26'),
(209, 0, '/add_group', '59.92.107.49', '1_2023190122004_7270', 'F', 'No contacts found', '2023-07-10 06:45:56', 'Y', '2023-07-10 06:45:38'),
(210, 0, '/login', '183.82.119.222', '1234', 'F', 'Request already processed', '2023-07-11 09:25:19', 'Y', '2023-07-11 09:25:19'),
(211, 0, '/login', '183.82.119.222', '1234', 'F', 'Request already processed', '2023-07-11 09:26:26', 'Y', '2023-07-11 09:26:26'),
(212, 0, '/login', 'undefined', '1234289767867', 'F', 'Request already processed', '2023-07-14 04:48:32', 'Y', '2023-07-14 04:48:32'),
(213, 0, '/login', 'undefined', '1234289767867', 'F', 'Request already processed', '2023-07-14 05:02:33', 'Y', '2023-07-14 05:02:33'),
(214, 0, '/login', 'undefined', '1234289767867', 'F', 'Request already processed', '2023-07-14 05:02:57', 'Y', '2023-07-14 05:02:57'),
(215, 0, '/login', 'undefined', '1234289767867', 'F', 'Request already processed', '2023-07-14 05:03:06', 'Y', '2023-07-14 05:03:06'),
(216, 0, '/login', 'undefined', '1234289767', 'S', 'Success', '2023-07-14 05:04:18', 'Y', '2023-07-14 05:04:18'),
(217, 0, '/login', 'undefined', '1234289767', 'F', 'Request already processed', '2023-07-14 06:40:22', 'Y', '2023-07-14 06:40:22'),
(218, 0, '/login', 'undefined', '1234289761', 'S', 'Success', '2023-07-14 06:41:47', 'Y', '2023-07-14 06:41:47'),
(219, 0, '/login', 'undefined', '1234289763', 'S', 'Success', '2023-07-14 06:49:46', 'Y', '2023-07-14 06:49:46'),
(220, 0, '/login', 'undefined', '1234289764', 'S', 'Success', '2023-07-14 06:51:37', 'Y', '2023-07-14 06:51:36'),
(221, 0, '/login', 'undefined', '1234289764', 'F', 'Request already processed', '2023-07-14 06:52:35', 'Y', '2023-07-14 06:52:35'),
(222, 0, '/login', 'undefined', '1234289765', 'S', 'Success', '2023-07-14 06:54:37', 'Y', '2023-07-14 06:54:37'),
(223, 0, '/login', 'undefined', '12342865', 'S', 'Success', '2023-07-14 06:55:47', 'Y', '2023-07-14 06:55:47'),
(224, 0, '/login', 'undefined', '12342865', 'F', 'Request already processed', '2023-07-14 06:56:17', 'Y', '2023-07-14 06:56:17'),
(225, 0, '/login', 'undefined', '12342861', 'S', 'Success', '2023-07-14 07:00:51', 'Y', '2023-07-14 07:00:51'),
(226, 0, '/login', 'undefined', '12342862', 'S', 'Success', '2023-07-14 07:03:02', 'Y', '2023-07-14 07:03:02'),
(227, 0, '/login', 'undefined', '12342862', 'F', 'Request already processed', '2023-07-14 07:04:15', 'Y', '2023-07-14 07:04:15'),
(228, 0, '/login', 'undefined', '12342862', 'F', 'Request already processed', '2023-07-14 07:04:17', 'Y', '2023-07-14 07:04:17'),
(229, 0, '/login', 'undefined', '12342862', 'F', 'Request already processed', '2023-07-14 07:04:36', 'Y', '2023-07-14 07:04:36'),
(230, 0, '/login', 'undefined', '12342862', 'F', 'Request already processed', '2023-07-14 07:06:04', 'Y', '2023-07-14 07:06:04'),
(231, 0, '/login', 'undefined', '12342862', 'F', 'Request already processed', '2023-07-14 07:06:21', 'Y', '2023-07-14 07:06:21'),
(232, 0, '/login', 'undefined', '12342862', 'F', 'Request already processed', '2023-07-14 12:55:44', 'Y', '2023-07-14 12:55:43'),
(233, 0, '/login', 'undefined', '12342862', 'F', 'Request already processed', '2023-07-15 03:30:59', 'Y', '2023-07-15 03:30:59'),
(234, 0, '/login', '192.168.1.27', '5315681999', 'F', 'Invalid User. Kindly try again with the valid User!', '2023-07-15 05:14:15', 'Y', '2023-07-15 05:14:15'),
(235, 0, '/login', '192.168.1.27', '4919081478', 'S', 'Success', '2023-07-15 05:15:11', 'Y', '2023-07-15 05:15:11'),
(236, 0, '/add_group', '192.168.1.27', '1_2023195104728_9111', 'F', 'No contacts found', '2023-07-15 05:18:03', 'Y', '2023-07-15 05:17:28'),
(237, 0, '/add_group', '192.168.1.27', '1_2023195104847_5285', 'F', 'Error occurred', '2023-07-15 05:19:48', 'Y', '2023-07-15 05:18:47'),
(238, 0, '/add_group', '192.168.1.27', '1_2023195105953_3198', 'N', '-', '0000-00-00 00:00:00', 'Y', '2023-07-15 05:29:53'),
(239, 0, '/login', '59.92.107.49', '4428591978', 'F', 'Invalid Password. Kindly try again with the valid details!', '2023-07-15 05:45:06', 'Y', '2023-07-15 05:45:06'),
(240, 0, '/login', '59.92.107.49', '4409832507', 'S', 'Success', '2023-07-15 05:45:10', 'Y', '2023-07-15 05:45:10'),
(241, 0, '/login', '59.92.107.49', '5157963320', 'S', 'Success', '2023-07-15 06:47:18', 'Y', '2023-07-15 06:47:18'),
(242, 0, '/login', '192.168.1.27', '1777073590', 'S', 'Success', '2023-07-15 07:25:36', 'Y', '2023-07-15 07:25:35'),
(243, 0, '/login', 'undefined', '12342862', 'F', 'Request already processed', '2023-07-15 08:54:17', 'Y', '2023-07-15 08:54:17'),
(244, 0, '/login', 'undefined', '12342862', 'F', 'Request already processed', '2023-07-18 12:29:14', 'Y', '2023-07-18 12:29:14'),
(245, 0, '/login', 'undefined', '12342862', 'F', 'Request already processed', '2023-07-18 12:31:59', 'Y', '2023-07-18 12:31:59'),
(246, 0, '/login', 'undefined', '12342862', 'F', 'Request already processed', '2023-07-18 12:32:05', 'Y', '2023-07-18 12:32:05'),
(247, 0, '/login', 'undefined', '12342862', 'F', 'Request already processed', '2023-07-18 13:31:37', 'Y', '2023-07-18 13:31:37'),
(248, 0, '/login', 'undefined', '12342862', 'F', 'Request already processed', '2023-07-18 13:31:37', 'Y', '2023-07-18 13:31:37'),
(249, 0, '/login', 'undefined', '12342862', 'F', 'Request already processed', '2023-07-19 03:44:33', 'Y', '2023-07-19 03:44:32'),
(250, 0, '/login', 'undefined', '12342862', 'F', 'Request already processed', '2023-07-19 06:27:46', 'Y', '2023-07-19 06:27:46'),
(251, 0, '/login', 'undefined', '12342862', 'F', 'Request already processed', '2023-07-19 06:29:04', 'Y', '2023-07-19 06:29:04'),
(252, 0, '/login', 'undefined', '12342862', 'F', 'Request already processed', '2023-07-19 06:29:12', 'Y', '2023-07-19 06:29:12'),
(253, 0, '/login', 'undefined', '12342862', 'F', 'Request already processed', '2023-07-19 06:50:28', 'Y', '2023-07-19 06:50:28'),
(254, 0, '/login', 'undefined', '12342862', 'F', 'Request already processed', '2023-07-19 10:05:55', 'Y', '2023-07-19 10:05:55'),
(255, 0, '/login', 'undefined', '12342862', 'F', 'Request already processed', '2023-07-19 13:14:51', 'Y', '2023-07-19 13:14:51'),
(256, 0, '/login', 'undefined', '12342862', 'F', 'Request already processed', '2023-07-19 13:15:14', 'Y', '2023-07-19 13:15:14'),
(257, 0, '/login', 'undefined', '12342862', 'F', 'Request already processed', '2023-07-20 03:53:02', 'Y', '2023-07-20 03:53:02'),
(258, 0, '/login', 'undefined', '12342862', 'F', 'Request already processed', '2023-07-20 11:57:00', 'Y', '2023-07-20 11:57:00'),
(259, 0, '/login', 'undefined', '12342862', 'F', 'Request already processed', '2023-07-21 04:07:50', 'Y', '2023-07-21 04:07:50'),
(260, 0, '/login', 'undefined', '12342862', 'F', 'Request already processed', '2023-07-21 05:24:40', 'Y', '2023-07-21 05:24:40'),
(261, 0, '/login', 'undefined', '12342862', 'F', 'Request already processed', '2023-07-21 05:25:01', 'Y', '2023-07-21 05:25:01'),
(262, 0, '/login', 'undefined', '12342862', 'F', 'Request already processed', '2023-07-21 05:25:35', 'Y', '2023-07-21 05:25:35'),
(263, 0, '/login', '59.92.107.49', '91826251_49819097', 'S', 'Success', '2023-07-21 06:07:29', 'Y', '2023-07-21 06:07:29'),
(264, 0, '/login', 'undefined', '12342862', 'F', 'Request already processed', '2023-07-21 06:27:48', 'Y', '2023-07-21 06:27:48'),
(265, 0, '/login', 'undefined', '12342862', 'F', 'Request already processed', '2023-07-21 09:43:35', 'Y', '2023-07-21 09:43:35'),
(266, 0, '/login', 'undefined', '12342862', 'F', 'Request already processed', '2023-07-21 09:43:47', 'Y', '2023-07-21 09:43:47'),
(267, 0, '/login', 'undefined', '12342862', 'F', 'Request already processed', '2023-07-22 05:01:22', 'Y', '2023-07-22 05:01:22'),
(268, 0, '/login', 'undefined', '12342862', 'F', 'Request already processed', '2023-07-24 05:44:56', 'Y', '2023-07-24 05:44:56'),
(269, 0, '/login', 'undefined', '12342862', 'F', 'Request already processed', '2023-07-24 05:48:59', 'Y', '2023-07-24 05:48:59'),
(270, 0, '/login', 'undefined', '12342862', 'F', 'Request already processed', '2023-07-24 05:49:16', 'Y', '2023-07-24 05:49:16'),
(271, 0, '/login', 'undefined', '12342862', 'F', 'Request already processed', '2023-07-25 06:11:23', 'Y', '2023-07-25 06:11:23'),
(272, 0, '/login', 'undefined', '12342862', 'F', 'Request already processed', '2023-07-25 07:25:48', 'Y', '2023-07-25 07:25:48'),
(273, 0, '/login', 'undefined', '12342862', 'F', 'Request already processed', '2023-07-25 07:26:10', 'Y', '2023-07-25 07:26:10'),
(274, 0, '/login', 'undefined', '12342862', 'F', 'Request already processed', '2023-07-25 07:26:46', 'Y', '2023-07-25 07:26:46'),
(275, 0, '/login', 'undefined', '12342862', 'F', 'Request already processed', '2023-07-25 07:30:37', 'Y', '2023-07-25 07:30:37'),
(276, 0, '/login', 'undefined', '12342862', 'F', 'Request already processed', '2023-07-25 07:30:56', 'Y', '2023-07-25 07:30:56'),
(277, 0, '/login', 'undefined', '12342862', 'F', 'Request already processed', '2023-07-25 09:05:19', 'Y', '2023-07-25 09:05:19'),
(278, 0, '/login', 'undefined', '12342862', 'F', 'Request already processed', '2023-07-25 09:18:37', 'Y', '2023-07-25 09:18:37'),
(279, 0, '/login', 'undefined', '12342862', 'F', 'Request already processed', '2023-07-25 09:37:46', 'Y', '2023-07-25 09:37:46'),
(280, 0, '/login', 'undefined', '12342862', 'F', 'Request already processed', '2023-07-26 04:04:24', 'Y', '2023-07-26 04:04:23'),
(281, 0, '/login', 'undefined', '12342862', 'F', 'Request already processed', '2023-07-26 04:26:23', 'Y', '2023-07-26 04:26:22'),
(282, 0, '/login', '192.168.1.27', '3446600173', 'F', 'Invalid User. Kindly try again with the valid User!', '2023-07-26 04:29:14', 'Y', '2023-07-26 04:29:14'),
(283, 0, '/login', '192.168.1.27', '3161434442', 'S', 'Success', '2023-07-26 04:38:36', 'Y', '2023-07-26 04:38:36'),
(284, 0, '/login', '192.168.1.27', '2677166413', 'S', 'Success', '2023-07-26 04:39:38', 'Y', '2023-07-26 04:39:38'),
(285, 0, '/get_qrcode', '192.168.1.27', '2_2023206101040_7793', 'S', 'Success', '2023-07-26 04:40:59', 'Y', '2023-07-26 04:40:40'),
(286, 0, '/get_qrcode', '192.168.1.27', '2_2023206101138_1127', 'S', 'Success', '2023-07-26 04:41:44', 'Y', '2023-07-26 04:41:38'),
(287, 0, '/get_qrcode', '192.168.1.27', '2_2023206101155_4839', 'S', 'Success', '2023-07-26 04:42:01', 'Y', '2023-07-26 04:41:55'),
(288, 0, '/login', '192.168.1.27', '4308064114', 'S', 'Success', '2023-07-26 04:42:27', 'Y', '2023-07-26 04:42:26'),
(289, 0, '/add_group', '192.168.1.27', '2_2023206101947_2244', 'F', 'Group not found', '2023-07-26 04:49:47', 'Y', '2023-07-26 04:49:47'),
(290, 0, '/add_group', '192.168.1.27', '2_2023206102031_9917', 'N', '-', '0000-00-00 00:00:00', 'Y', '2023-07-26 04:50:31'),
(291, 0, '/add_group', '192.168.1.27', '2_2023206102733_6650', 'N', '-', '0000-00-00 00:00:00', 'Y', '2023-07-26 04:57:33'),
(292, 0, '/get_qrcode', '192.168.1.27', '2_2023206110641_9354', 'S', 'Success', '2023-07-26 05:36:53', 'Y', '2023-07-26 05:36:41'),
(293, 0, '/get_qrcode', '192.168.1.27', '2_2023206110719_3422', 'S', 'Success', '2023-07-26 05:37:27', 'Y', '2023-07-26 05:37:19'),
(294, 0, '/create_group', '192.168.1.27', '2_2023206110831_9371', 'F', 'Sender ID unlinked', '2023-07-26 05:40:31', 'Y', '2023-07-26 05:38:31'),
(295, 0, '/get_qrcode', '192.168.1.27', '2_2023206153321_3275', 'S', 'Success', '2023-07-26 10:03:27', 'Y', '2023-07-26 10:03:21'),
(296, 0, '/get_qrcode', '192.168.1.27', '2_2023206153401_2376', 'F', 'Mobile number already exists', '2023-07-26 10:04:02', 'Y', '2023-07-26 10:04:01'),
(297, 0, '/create_group', '192.168.1.27', '2_2023206153509_7819', 'S', 'Success', '2023-07-26 10:05:29', 'Y', '2023-07-26 10:05:09'),
(298, 0, '/add_group', '192.168.1.27', '2_2023206153547_5699', 'S', 'Success', '2023-07-26 10:06:06', 'Y', '2023-07-26 10:05:47'),
(299, 0, '/add_group', '192.168.1.27', '2_2023206153743_1525', 'F', 'Error occurred', '2023-07-26 10:08:05', 'Y', '2023-07-26 10:07:43'),
(300, 0, '/add_group', '192.168.1.27', '2_2023206160151_2849', 'F', 'No contacts found', '2023-07-26 10:32:09', 'Y', '2023-07-26 10:31:51'),
(301, 0, '/add_group', '192.168.1.27', '2_2023206160440_1444', 'F', 'No contacts found', '2023-07-26 10:34:58', 'Y', '2023-07-26 10:34:40'),
(302, 0, '/add_group', '192.168.1.27', '2_2023206160536_7556', 'F', 'No contacts found', '2023-07-26 10:35:54', 'Y', '2023-07-26 10:35:36'),
(303, 0, '/add_group', '192.168.1.27', '2_2023206162851_5786', 'F', 'No contacts found', '2023-07-26 10:59:09', 'Y', '2023-07-26 10:58:51'),
(304, 0, '/add_group', '192.168.1.27', '2_2023206163217_6074', 'F', 'No contacts found', '2023-07-26 11:02:34', 'Y', '2023-07-26 11:02:17'),
(305, 0, '/add_group', '192.168.1.27', '2_2023206163620_4491', 'F', 'No contacts found', '2023-07-26 11:06:37', 'Y', '2023-07-26 11:06:20'),
(306, 0, '/get_qrcode', '192.168.1.27', '2_2023206170048_9530', 'S', 'Success', '2023-07-26 11:30:54', 'Y', '2023-07-26 11:30:48'),
(307, 0, '/get_qrcode', '192.168.1.27', '2_2023206170108_7891', 'S', 'Success', '2023-07-26 11:31:19', 'Y', '2023-07-26 11:31:08'),
(308, 0, '/get_qrcode', '192.168.1.27', '2_2023206170141_4796', 'S', 'Success', '2023-07-26 11:31:46', 'Y', '2023-07-26 11:31:41'),
(309, 0, '/get_qrcode', '192.168.1.27', '2_2023206170235_1078', 'F', 'Mobile number already exists', '2023-07-26 11:32:35', 'Y', '2023-07-26 11:32:35'),
(310, 0, '/add_group', '192.168.1.27', '2_2023206170325_3751', 'S', 'Success', '2023-07-26 11:33:51', 'Y', '2023-07-26 11:33:26'),
(311, 0, '/add_group', '192.168.1.27', '2_2023206170543_1383', 'F', 'No contacts found', '2023-07-26 11:36:01', 'Y', '2023-07-26 11:35:43'),
(312, 0, '/login', 'undefined', '12342862', 'F', 'Request already processed', '2023-07-26 11:39:15', 'Y', '2023-07-26 11:39:15'),
(313, 0, '/login', 'undefined', '12342862', 'F', 'Request already processed', '2023-07-26 12:34:04', 'Y', '2023-07-26 12:34:04'),
(314, 0, '/login', 'undefined', '12342862', 'F', 'Request already processed', '2023-07-26 12:34:24', 'Y', '2023-07-26 12:34:24'),
(315, 0, '/login', 'undefined', '12342862', 'F', 'Request already processed', '2023-07-26 12:59:32', 'Y', '2023-07-26 12:59:32'),
(316, 0, '/login', 'undefined', '12342862', 'F', 'Request already processed', '2023-07-27 04:34:53', 'Y', '2023-07-27 04:34:52'),
(317, 0, '/login', 'undefined', '12342862', 'F', 'Request already processed', '2023-07-27 04:45:12', 'Y', '2023-07-27 04:45:12'),
(318, 0, '/login', 'undefined', '12342862', 'F', 'Request already processed', '2023-07-27 04:58:41', 'Y', '2023-07-27 04:58:41'),
(319, 0, '/login', 'undefined', '12342862', 'F', 'Request already processed', '2023-07-27 06:06:41', 'Y', '2023-07-27 06:06:40'),
(320, 0, '/login', 'undefined', '12342862', 'F', 'Request already processed', '2023-07-27 06:12:57', 'Y', '2023-07-27 06:12:57'),
(321, 0, '/login', 'undefined', '12342862', 'F', 'Request already processed', '2023-07-27 06:43:27', 'Y', '2023-07-27 06:43:27'),
(322, 0, '/login', 'undefined', '12342862', 'F', 'Request already processed', '2023-07-27 07:05:13', 'Y', '2023-07-27 07:05:12'),
(323, 0, '/login', 'undefined', '12342862', 'F', 'Request already processed', '2023-07-27 07:06:45', 'Y', '2023-07-27 07:06:45'),
(324, 0, '/login', 'undefined', '12342862', 'F', 'Request already processed', '2023-07-27 07:43:12', 'Y', '2023-07-27 07:43:12'),
(325, 0, '/login', 'undefined', '12342862', 'F', 'Request already processed', '2023-07-27 07:54:51', 'Y', '2023-07-27 07:54:50'),
(326, 0, '/login', 'undefined', '12342862', 'F', 'Request already processed', '2023-07-27 07:54:58', 'Y', '2023-07-27 07:54:58'),
(327, 0, '/login', 'undefined', '12342862', 'F', 'Request already processed', '2023-07-27 08:08:01', 'Y', '2023-07-27 08:08:01'),
(328, 0, '/login', 'undefined', '12342862', 'F', 'Request already processed', '2023-07-27 08:08:05', 'Y', '2023-07-27 08:08:05'),
(329, 0, '/login', 'undefined', '12342862', 'F', 'Request already processed', '2023-07-27 09:20:32', 'Y', '2023-07-27 09:20:32'),
(330, 0, '/login', 'undefined', '12342862', 'F', 'Request already processed', '2023-07-27 09:20:46', 'Y', '2023-07-27 09:20:46'),
(331, 0, '/login', 'undefined', '12342862', 'F', 'Request already processed', '2023-07-27 09:21:24', 'Y', '2023-07-27 09:21:24'),
(332, 0, '/login', 'undefined', '12342862', 'F', 'Request already processed', '2023-07-27 09:26:23', 'Y', '2023-07-27 09:26:23'),
(333, 0, '/login', 'undefined', '12342862', 'F', 'Request already processed', '2023-07-27 13:41:14', 'Y', '2023-07-27 13:41:14'),
(334, 0, '/login', 'undefined', '12342862', 'F', 'Request already processed', '2023-07-28 04:38:03', 'Y', '2023-07-28 04:38:03'),
(335, 0, '/login', 'undefined', '12342862', 'F', 'Request already processed', '2023-07-28 09:17:19', 'Y', '2023-07-28 09:17:19'),
(336, 0, '/login', 'undefined', '12342862', 'F', 'Request already processed', '2023-07-28 09:17:34', 'Y', '2023-07-28 09:17:34'),
(337, 0, '/login', 'undefined', '12342862', 'F', 'Request already processed', '2023-07-28 09:17:35', 'Y', '2023-07-28 09:17:35'),
(338, 0, '/login', 'undefined', '12342862', 'F', 'Request already processed', '2023-07-28 09:17:36', 'Y', '2023-07-28 09:17:36'),
(339, 0, '/login', 'undefined', '12342862', 'F', 'Request already processed', '2023-07-28 09:17:46', 'Y', '2023-07-28 09:17:46'),
(340, 0, '/login', 'undefined', '12342862', 'F', 'Request already processed', '2023-07-28 09:17:50', 'Y', '2023-07-28 09:17:50'),
(341, 0, '/login', 'undefined', '12342862', 'F', 'Request already processed', '2023-07-28 09:17:56', 'Y', '2023-07-28 09:17:56'),
(342, 0, '/login', 'undefined', '12342862', 'F', 'Request already processed', '2023-07-28 09:17:57', 'Y', '2023-07-28 09:17:57'),
(343, 0, '/login', 'undefined', '12342862', 'F', 'Request already processed', '2023-07-28 12:35:33', 'Y', '2023-07-28 12:35:33'),
(344, 0, '/login', 'undefined', '12342862', 'F', 'Request already processed', '2023-07-31 04:11:56', 'Y', '2023-07-31 04:11:56'),
(345, 0, '/login', 'undefined', '12342862', 'F', 'Request already processed', '2023-08-01 05:02:09', 'Y', '2023-08-01 05:02:09'),
(346, 0, '/login', 'undefined', '12342862', 'F', 'Request already processed', '2023-08-03 06:56:41', 'Y', '2023-08-03 06:56:41'),
(347, 0, '/login', 'undefined', '12342862', 'F', 'Request already processed', '2023-08-03 11:01:29', 'Y', '2023-08-03 11:01:29'),
(348, 0, '/login', 'undefined', '12342862', 'F', 'Request already processed', '2023-08-03 11:13:27', 'Y', '2023-08-03 11:13:27'),
(349, 0, '/login', 'undefined', '12342862', 'F', 'Request already processed', '2023-08-03 12:02:14', 'Y', '2023-08-03 12:02:14'),
(350, 0, '/login', 'undefined', '12342862', 'F', 'Request already processed', '2023-08-03 12:02:28', 'Y', '2023-08-03 12:02:28'),
(351, 0, '/login', 'undefined', '12342862', 'F', 'Request already processed', '2023-08-03 12:34:04', 'Y', '2023-08-03 12:34:04'),
(352, 0, '/login', 'undefined', '12342862', 'F', 'Request already processed', '2023-08-04 05:00:58', 'Y', '2023-08-04 05:00:58'),
(353, 0, '/login', 'undefined', '12342862', 'F', 'Request already processed', '2023-08-04 07:04:03', 'Y', '2023-08-04 07:04:02'),
(354, 0, '/login', 'undefined', '12342862', 'F', 'Request already processed', '2023-08-04 07:04:10', 'Y', '2023-08-04 07:04:10'),
(355, 0, '/login', 'undefined', '12342862', 'F', 'Request already processed', '2023-08-04 07:04:11', 'Y', '2023-08-04 07:04:11'),
(356, 0, '/login', 'undefined', '12342862', 'F', 'Request already processed', '2023-08-04 07:04:11', 'Y', '2023-08-04 07:04:11'),
(357, 0, '/login', 'undefined', '12342862', 'F', 'Request already processed', '2023-08-04 07:04:11', 'Y', '2023-08-04 07:04:11'),
(358, 0, '/login', 'undefined', '12342862', 'F', 'Request already processed', '2023-08-04 07:04:18', 'Y', '2023-08-04 07:04:18'),
(359, 0, '/login', 'undefined', '12342862', 'F', 'Request already processed', '2023-08-04 09:42:29', 'Y', '2023-08-04 09:42:29'),
(360, 0, '/login', 'undefined', '12342862', 'F', 'Request already processed', '2023-08-04 09:43:09', 'Y', '2023-08-04 09:43:09'),
(361, 0, '/login', 'undefined', '12342862', 'F', 'Request already processed', '2023-08-04 09:46:05', 'Y', '2023-08-04 09:46:05'),
(362, 0, '/login', 'undefined', '12342862', 'F', 'Request already processed', '2023-08-04 09:49:09', 'Y', '2023-08-04 09:49:09'),
(363, 0, '/login', 'undefined', '12342862', 'F', 'Request already processed', '2023-08-04 09:49:18', 'Y', '2023-08-04 09:49:18'),
(364, 0, '/login', 'undefined', '12342862', 'F', 'Request already processed', '2023-08-04 10:44:14', 'Y', '2023-08-04 10:44:12'),
(365, 0, '/login', 'undefined', '12342862', 'F', 'Request already processed', '2023-08-04 10:44:23', 'Y', '2023-08-04 10:44:22'),
(366, 0, '/login', 'undefined', '12342862', 'F', 'Request already processed', '2023-08-04 10:51:38', 'Y', '2023-08-04 10:51:38'),
(367, 0, '/login', 'undefined', '12342862', 'F', 'Request already processed', '2023-08-04 11:22:59', 'Y', '2023-08-04 11:22:59'),
(368, 0, '/login', 'undefined', '12342862', 'F', 'Request already processed', '2023-08-04 12:31:47', 'Y', '2023-08-04 12:31:47'),
(369, 0, '/login', 'undefined', '12342862', 'F', 'Request already processed', '2023-08-04 12:33:41', 'Y', '2023-08-04 12:33:41'),
(370, 0, '/login', 'undefined', '12342862', 'F', 'Request already processed', '2023-08-04 12:44:13', 'Y', '2023-08-04 12:44:13'),
(371, 0, '/login', 'undefined', '12342862', 'F', 'Request already processed', '2023-08-04 13:03:42', 'Y', '2023-08-04 13:03:42'),
(372, 0, '/login', 'undefined', '12342862', 'F', 'Request already processed', '2023-08-04 13:06:06', 'Y', '2023-08-04 13:06:06'),
(373, 0, '/login', 'undefined', '12342862', 'F', 'Request already processed', '2023-08-05 04:44:06', 'Y', '2023-08-05 04:44:05'),
(374, 0, '/login', 'undefined', '12342862', 'F', 'Request already processed', '2023-08-05 06:13:30', 'Y', '2023-08-05 06:13:30'),
(375, 0, '/login', 'undefined', '12342862', 'F', 'Request already processed', '2023-08-05 10:49:17', 'Y', '2023-08-05 10:49:00'),
(376, 0, '/login', 'undefined', '12342862', 'F', 'Request already processed', '2023-08-05 10:50:38', 'Y', '2023-08-05 10:50:38'),
(377, 0, '/login', 'undefined', '12342862', 'F', 'Request already processed', '2023-08-05 10:50:45', 'Y', '2023-08-05 10:50:45'),
(378, 0, '/login', 'undefined', '12342862', 'F', 'Request already processed', '2023-08-05 10:52:16', 'Y', '2023-08-05 10:52:04'),
(379, 0, '/login', 'undefined', '12342862', 'F', 'Request already processed', '2023-08-05 10:57:47', 'Y', '2023-08-05 10:57:45'),
(380, 0, '/login', 'undefined', '12342862', 'F', 'Request already processed', '2023-08-05 11:34:59', 'Y', '2023-08-05 11:34:59'),
(381, 0, '/login', 'undefined', '12342862', 'F', 'Request already processed', '2023-08-07 04:11:32', 'Y', '2023-08-07 04:11:31'),
(382, 0, '/login', 'undefined', '12342862', 'F', 'Request already processed', '2023-08-07 04:56:13', 'Y', '2023-08-07 04:56:13'),
(383, 0, '/login', 'undefined', '12342862', 'F', 'Request already processed', '2023-08-07 10:12:30', 'Y', '2023-08-07 10:12:29'),
(384, 0, '/login', 'undefined', '12342862', 'F', 'Request already processed', '2023-08-07 10:19:42', 'Y', '2023-08-07 10:19:42');
INSERT INTO `api_log` (`log_id`, `user_id`, `api_url`, `ip_address`, `request_id`, `response_status`, `response_comments`, `response_date`, `log_status`, `log_entry_date`) VALUES
(385, 0, '/login', 'undefined', '12342862', 'F', 'Request already processed', '2023-08-07 10:21:13', 'Y', '2023-08-07 10:21:12'),
(386, 0, '/login', 'undefined', '12342862', 'F', 'Request already processed', '2023-08-07 10:32:44', 'Y', '2023-08-07 10:32:44'),
(387, 0, '/login', 'undefined', '12342862', 'F', 'Request already processed', '2023-08-07 11:12:19', 'Y', '2023-08-07 11:12:19'),
(388, 0, '/login', 'undefined', '12342862', 'F', 'Request already processed', '2023-08-07 11:13:46', 'Y', '2023-08-07 11:13:46'),
(389, 0, '/login', 'undefined', '12342862', 'F', 'Request already processed', '2023-08-08 03:43:52', 'Y', '2023-08-08 03:43:52'),
(390, 0, '/login', 'undefined', '12342862', 'F', 'Request already processed', '2023-08-08 04:09:07', 'Y', '2023-08-08 04:09:07'),
(391, 0, '/login', 'undefined', '12342862', 'F', 'Request already processed', '2023-08-08 04:57:06', 'Y', '2023-08-08 04:57:06'),
(392, 0, '/login', 'undefined', '12342862', 'F', 'Request already processed', '2023-08-08 06:23:03', 'Y', '2023-08-08 06:23:03'),
(393, 0, '/login', 'undefined', '12342862', 'F', 'Request already processed', '2023-08-08 07:09:08', 'Y', '2023-08-08 07:09:08'),
(394, 0, '/login', 'undefined', '12342862', 'F', 'Request already processed', '2023-08-08 07:09:20', 'Y', '2023-08-08 07:09:20'),
(395, 0, '/login', 'undefined', '12342862', 'F', 'Request already processed', '2023-08-08 09:46:24', 'Y', '2023-08-08 09:46:24'),
(396, 0, '/login', 'undefined', '12342862', 'F', 'Request already processed', '2023-08-08 10:21:10', 'Y', '2023-08-08 10:21:10'),
(397, 0, '/login', 'undefined', '12342862', 'F', 'Request already processed', '2023-08-08 10:22:47', 'Y', '2023-08-08 10:22:47'),
(398, 0, '/login', 'undefined', '12342862', 'F', 'Request already processed', '2023-08-09 04:51:37', 'Y', '2023-08-09 04:51:36'),
(399, 0, '/login', 'undefined', '12342862', 'F', 'Request already processed', '2023-08-09 07:06:52', 'Y', '2023-08-09 07:06:52'),
(400, 0, '/login', 'undefined', '12342862', 'F', 'Request already processed', '2023-08-09 10:18:45', 'Y', '2023-08-09 10:18:44'),
(401, 0, '/login', 'undefined', '12342862', 'F', 'Request already processed', '2023-08-09 10:18:50', 'Y', '2023-08-09 10:18:50'),
(402, 0, '/login', 'undefined', '12342862', 'F', 'Request already processed', '2023-08-09 10:18:57', 'Y', '2023-08-09 10:18:57'),
(403, 0, '/login', 'undefined', '12342862', 'F', 'Request already processed', '2023-08-09 10:19:09', 'Y', '2023-08-09 10:19:08'),
(404, 0, '/login', 'undefined', '12342862', 'F', 'Request already processed', '2023-08-10 03:51:37', 'Y', '2023-08-10 03:51:37'),
(405, 0, '/login', 'undefined', '12342862', 'F', 'Request already processed', '2023-08-10 09:20:39', 'Y', '2023-08-10 09:20:39'),
(406, 0, '/login', 'undefined', '12342862', 'F', 'Request already processed', '2023-08-10 09:52:02', 'Y', '2023-08-10 09:52:01'),
(407, 0, '/login', 'undefined', '12342862', 'F', 'Request already processed', '2023-08-10 10:00:23', 'Y', '2023-08-10 10:00:23'),
(408, 0, '/login', 'undefined', '12342862', 'F', 'Request already processed', '2023-08-10 10:57:07', 'Y', '2023-08-10 10:57:07'),
(409, 0, '/login', 'undefined', '12342862', 'F', 'Request already processed', '2023-08-11 03:51:33', 'Y', '2023-08-11 03:51:33'),
(410, 0, '/login', 'undefined', '12342862', 'F', 'Request already processed', '2023-08-11 04:46:03', 'Y', '2023-08-11 04:46:03'),
(411, 0, '/login', 'undefined', '12342862', 'F', 'Request already processed', '2023-08-11 07:00:21', 'Y', '2023-08-11 07:00:21'),
(412, 0, '/login', 'undefined', '12342862', 'F', 'Request already processed', '2023-08-11 07:32:40', 'Y', '2023-08-11 07:32:40'),
(413, 0, '/login', 'undefined', '12342862', 'F', 'Request already processed', '2023-08-11 07:34:07', 'Y', '2023-08-11 07:34:07'),
(414, 0, '/login', 'undefined', '12342862', 'F', 'Request already processed', '2023-08-11 08:53:18', 'Y', '2023-08-11 08:53:18'),
(415, 0, '/login', 'undefined', '12342862', 'F', 'Request already processed', '2023-08-11 08:53:54', 'Y', '2023-08-11 08:53:54'),
(416, 0, '/login', 'undefined', '12342862', 'F', 'Request already processed', '2023-08-11 09:38:38', 'Y', '2023-08-11 09:38:38'),
(417, 0, '/login', 'undefined', '12342862', 'F', 'Request already processed', '2023-08-11 09:39:06', 'Y', '2023-08-11 09:39:06'),
(418, 0, '/login', 'undefined', '12342862', 'F', 'Request already processed', '2023-08-11 09:47:13', 'Y', '2023-08-11 09:47:13'),
(419, 0, '/login', 'undefined', '12342862', 'F', 'Request already processed', '2023-08-11 09:47:33', 'Y', '2023-08-11 09:47:33'),
(420, 0, '/login', 'undefined', '12342862', 'F', 'Request already processed', '2023-08-11 09:49:08', 'Y', '2023-08-11 09:49:08'),
(421, 0, '/login', 'undefined', '12342862', 'F', 'Request already processed', '2023-08-11 09:49:25', 'Y', '2023-08-11 09:49:25'),
(422, 0, '/login', 'undefined', '12342862', 'F', 'Request already processed', '2023-08-11 09:49:59', 'Y', '2023-08-11 09:49:59'),
(423, 0, '/login', 'undefined', '12342862', 'F', 'Request already processed', '2023-08-11 14:07:33', 'Y', '2023-08-11 14:07:33'),
(424, 0, '/login', 'undefined', '12342862', 'F', 'Request already processed', '2023-08-12 04:44:12', 'Y', '2023-08-12 04:44:11'),
(425, 0, '/login', 'undefined', '12342862', 'F', 'Request already processed', '2023-08-12 06:05:37', 'Y', '2023-08-12 06:05:36'),
(426, 0, '/login', 'undefined', '12342862', 'F', 'Request already processed', '2023-08-12 10:57:55', 'Y', '2023-08-12 10:57:55'),
(427, 0, '/login', 'undefined', '12342862', 'F', 'Request already processed', '2023-08-14 03:52:35', 'Y', '2023-08-14 03:52:34'),
(428, 0, '/login', 'undefined', '12342862', 'F', 'Request already processed', '2023-08-14 04:33:17', 'Y', '2023-08-14 04:33:17'),
(429, 0, '/login', 'undefined', '12342862', 'F', 'Request already processed', '2023-08-14 10:52:30', 'Y', '2023-08-14 10:52:30'),
(430, 0, '/login', 'undefined', '12342862', 'F', 'Request already processed', '2023-08-14 12:53:39', 'Y', '2023-08-14 12:53:39'),
(431, 0, '/login', 'undefined', '12342862', 'F', 'Request already processed', '2023-08-16 04:09:08', 'Y', '2023-08-16 04:09:07'),
(432, 0, '/login', 'undefined', '12342862', 'F', 'Request already processed', '2023-08-16 04:09:26', 'Y', '2023-08-16 04:09:26'),
(433, 0, '/login', 'undefined', '12342862', 'F', 'Request already processed', '2023-08-16 04:10:38', 'Y', '2023-08-16 04:10:38'),
(434, 0, '/login', 'undefined', '12342862', 'F', 'Request already processed', '2023-08-16 04:13:27', 'Y', '2023-08-16 04:13:26'),
(435, 0, '/login', 'undefined', '12342862', 'F', 'Request already processed', '2023-08-16 04:14:01', 'Y', '2023-08-16 04:14:00'),
(436, 0, '/login', 'undefined', '12342862', 'F', 'Request already processed', '2023-08-16 04:14:16', 'Y', '2023-08-16 04:14:16'),
(437, 0, '/login', 'undefined', '12342862', 'F', 'Request already processed', '2023-08-16 04:41:45', 'Y', '2023-08-16 04:41:45'),
(438, 0, '/login', 'undefined', '12342862', 'F', 'Request already processed', '2023-08-16 13:23:31', 'Y', '2023-08-16 13:23:31'),
(439, 0, '/login', 'undefined', '12342862', 'F', 'Request already processed', '2023-08-16 13:23:34', 'Y', '2023-08-16 13:23:34'),
(440, 0, '/login', 'undefined', '12342862', 'F', 'Request already processed', '2023-08-16 13:23:37', 'Y', '2023-08-16 13:23:37'),
(441, 0, '/login', 'undefined', '12342862', 'F', 'Request already processed', '2023-08-17 03:49:50', 'Y', '2023-08-17 03:49:50'),
(442, 0, '/login', 'undefined', '12342862', 'F', 'Request already processed', '2023-08-17 03:55:41', 'Y', '2023-08-17 03:55:40'),
(443, 0, '/login', 'undefined', '12342862', 'F', 'Request already processed', '2023-08-17 03:55:42', 'Y', '2023-08-17 03:55:42'),
(444, 0, '/login', 'undefined', '12342862', 'F', 'Request already processed', '2023-08-17 04:07:29', 'Y', '2023-08-17 04:07:29'),
(445, 0, '/login', 'undefined', '12342862', 'F', 'Request already processed', '2023-08-17 04:08:43', 'Y', '2023-08-17 04:08:42'),
(446, 0, '/login', 'undefined', '12342862', 'F', 'Request already processed', '2023-08-17 04:08:49', 'Y', '2023-08-17 04:08:49'),
(447, 0, '/login', 'undefined', '12342862', 'F', 'Request already processed', '2023-08-17 06:49:21', 'Y', '2023-08-17 06:49:21'),
(448, 0, '/login', 'undefined', '12342862', 'F', 'Request already processed', '2023-08-17 06:49:24', 'Y', '2023-08-17 06:49:24'),
(449, 0, '/login', 'undefined', '12342862', 'F', 'Request already processed', '2023-08-18 03:43:29', 'Y', '2023-08-18 03:43:28'),
(450, 0, '/login', 'undefined', '12342862', 'F', 'Request already processed', '2023-08-18 03:47:53', 'Y', '2023-08-18 03:47:53'),
(451, 0, '/login', 'undefined', '12342862', 'F', 'Request already processed', '2023-08-18 04:57:42', 'Y', '2023-08-18 04:57:42'),
(452, 0, '/login', '49.37.200.249', '49375197_68210650', 'F', 'Invalid User. Kindly try again with the valid User!', '2023-08-18 09:39:40', 'Y', '2023-08-18 09:39:39'),
(453, 0, '/login', '49.37.200.249', '41763960_99304660', 'S', 'Success', '2023-08-18 09:40:39', 'Y', '2023-08-18 09:40:39'),
(454, 0, '/login', '192.168.1.27', '5757639199', 'S', 'Success', '2023-08-21 14:01:23', 'Y', '2023-08-21 14:01:22'),
(455, 0, '/get_qrcode', '192.168.1.27', '1_2023232193135_9074', 'F', 'Mobile number already exists', '2023-08-21 14:01:35', 'Y', '2023-08-21 14:01:35'),
(456, 0, '/get_qrcode', '192.168.1.27', '1_2023232193159_4872', 'S', 'Success', '2023-08-21 14:02:48', 'Y', '2023-08-21 14:01:59'),
(457, 0, '/get_qrcode', '192.168.1.27', '1_2023232193250_4051', 'N', '-', '0000-00-00 00:00:00', 'Y', '2023-08-21 14:02:51'),
(458, 0, '/login', '192.168.1.27', '9732969275', 'S', 'Success', '2023-08-21 14:04:06', 'Y', '2023-08-21 14:04:05'),
(459, 0, '/get_qrcode', '192.168.1.27', '1_2023232193421_5632', 'S', 'Success', '2023-08-21 14:04:41', 'Y', '2023-08-21 14:04:21'),
(460, 0, '/login', 'undefined', '12342862', 'F', 'Request already processed', '2023-08-24 04:36:38', 'Y', '2023-08-24 04:36:38'),
(461, 0, '/login', '192.168.1.27', '8904095691', 'F', 'Invalid User. Kindly try again with the valid User!', '2023-08-24 10:09:10', 'Y', '2023-08-24 10:09:10'),
(462, 0, '/login', '49.37.201.217', '48987515_75554497', 'S', 'Success', '2023-08-24 10:09:51', 'Y', '2023-08-24 10:09:51'),
(463, 0, '/login', 'undefined', '12342862', 'F', 'Request already processed', '2023-09-22 11:37:12', 'Y', '2023-09-22 11:37:12'),
(464, 0, '/login', 'undefined', '12342862', 'F', 'Request already processed', '2023-09-22 11:37:20', 'Y', '2023-09-22 11:37:20'),
(465, 0, '/login', 'undefined', '12342862', 'F', 'Request already processed', '2023-09-22 11:38:08', 'Y', '2023-09-22 11:38:08'),
(466, 0, '/login', '192.168.1.27', '4303475615', 'F', 'Invalid User. Kindly try again with the valid User!', '2023-09-28 09:35:45', 'Y', '2023-09-28 09:35:45'),
(467, 0, '/login', '192.168.1.27', '2687108082', 'S', 'Success', '2023-09-28 09:37:05', 'Y', '2023-09-28 09:37:05'),
(468, 0, '/login', '192.168.1.27', '2979131910', 'S', 'Success', '2023-09-28 09:39:27', 'Y', '2023-09-28 09:39:27'),
(469, 0, '/login', 'undefined', '12342862', 'F', 'Request already processed', '2023-09-28 10:47:08', 'Y', '2023-09-28 10:47:08'),
(470, 0, '/login', 'undefined', '12342862', 'F', 'Request already processed', '2023-09-28 10:47:47', 'Y', '2023-09-28 10:47:47'),
(471, 0, '/login', '192.168.1.27', '5357358058', 'F', 'Invalid User. Kindly try again with the valid User!', '2023-09-30 06:05:08', 'Y', '2023-09-30 06:05:08'),
(472, 0, '/login', '192.168.1.27', '5593624557', 'S', 'Success', '2023-09-30 06:05:12', 'Y', '2023-09-30 06:05:12'),
(473, 0, '/login', '192.168.1.27', '3513988445', 'F', 'Invalid User. Kindly try again with the valid User!', '2023-10-03 04:00:38', 'Y', '2023-10-03 04:00:38'),
(474, 0, '/login', '192.168.1.27', '9579383451', 'F', 'Invalid User. Kindly try again with the valid User!', '2023-10-03 07:17:09', 'Y', '2023-10-03 07:17:09'),
(475, 0, '/login', '192.168.1.27', '7235211820', 'S', 'Success', '2023-10-03 07:19:06', 'Y', '2023-10-03 07:19:06'),
(476, 0, '/login', '49.37.200.149', '17946521_68769562', 'S', 'Success', '2023-10-03 07:20:53', 'Y', '2023-10-03 07:20:53'),
(477, 0, '/login', '192.168.1.27', '7995857798', 'F', 'Error Occurred.', '2023-10-04 10:06:32', 'Y', '2023-10-04 10:06:32'),
(478, 0, '/login', '192.168.1.27', '5654650275', 'F', 'Error Occurred.', '2023-10-04 10:06:47', 'Y', '2023-10-04 10:06:47'),
(479, 0, '/login', '192.168.1.27', '6866588692', 'F', 'Error Occurred.', '2023-10-04 10:07:09', 'Y', '2023-10-04 10:07:09'),
(480, 0, '/login', '59.92.107.49', '47684320_32598045', 'F', 'Error Occurred.', '2023-10-04 11:31:03', 'Y', '2023-10-04 11:31:03'),
(481, 0, '/login', '59.92.107.49', '52746377_55937371', 'F', 'Error Occurred.', '2023-10-04 11:31:24', 'Y', '2023-10-04 11:31:24'),
(482, 0, '/login', '59.92.107.49', '64222539_33009523', 'F', 'Error Occurred.', '2023-10-04 11:34:12', 'Y', '2023-10-04 11:34:11'),
(483, 0, '/login', '59.92.107.49', '44751267_68856708', 'F', 'Error Occurred.', '2023-10-04 11:36:32', 'Y', '2023-10-04 11:36:31'),
(484, 0, '/login', '59.92.107.49', '11525398_66996383', 'F', 'Error Occurred.', '2023-10-04 11:39:51', 'Y', '2023-10-04 11:39:51'),
(485, 0, '/login', '59.92.107.49', '60004327_39014697', 'F', 'Error Occurred.', '2023-10-04 11:39:57', 'Y', '2023-10-04 11:39:57'),
(486, 0, '/login', 'undefined', '382227e947234', 'S', 'Success', '2023-10-04 13:11:48', 'Y', '2023-10-04 13:11:47'),
(487, 0, '/login', 'undefined', '55409275_62071351', 'S', 'Success', '2023-10-04 13:17:14', 'Y', '2023-10-04 13:17:14'),
(488, 0, '/login', 'undefined', '36867711_29713976', 'S', 'Success', '2023-10-05 04:16:07', 'Y', '2023-10-05 04:16:07'),
(489, 0, '/login', 'undefined', '382227e9247234', 'F', 'Invalid User. Kindly try again with the valid User!', '2023-10-05 05:14:52', 'Y', '2023-10-05 05:14:51'),
(490, 0, '/login', 'undefined', '51335980_59845779', 'F', 'Invalid User. Kindly try again with the valid User!', '2023-10-05 05:48:52', 'Y', '2023-10-05 05:48:52'),
(491, 0, '/login', 'undefined', '71691329_56452342', 'F', 'Invalid User. Kindly try again with the valid User!', '2023-10-05 06:52:35', 'Y', '2023-10-05 06:52:35'),
(492, 0, '/login', 'undefined', '56090554_79775887', 'F', 'Invalid User. Kindly try again with the valid User!', '2023-10-05 08:57:51', 'Y', '2023-10-05 08:57:51'),
(493, 0, '/login', 'undefined', '45388798_92195212', 'F', 'Invalid User. Kindly try again with the valid User!', '2023-10-05 09:16:52', 'Y', '2023-10-05 09:16:52'),
(494, 0, '/login', 'undefined', '82494225_78492858', 'F', 'Invalid User. Kindly try again with the valid User!', '2023-10-05 09:18:49', 'Y', '2023-10-05 09:18:49'),
(495, 0, '/login', 'undefined', '55581040_45975225', 'F', 'Invalid User. Kindly try again with the valid User!', '2023-10-05 09:21:54', 'Y', '2023-10-05 09:21:54'),
(496, 0, '/login', 'undefined', '64329532_73928395', 'F', 'Invalid User. Kindly try again with the valid User!', '2023-10-05 09:28:47', 'Y', '2023-10-05 09:28:47'),
(497, 0, '/login', 'undefined', '18906606_28320884', 'F', 'Invalid User. Kindly try again with the valid User!', '2023-10-05 09:43:46', 'Y', '2023-10-05 09:43:46'),
(498, 0, '/login', 'undefined', '57986394_97786811', 'F', 'Invalid User. Kindly try again with the valid User!', '2023-10-05 09:45:32', 'Y', '2023-10-05 09:45:32'),
(499, 0, '/login', 'undefined', '60717198_51457293', 'F', 'Invalid User. Kindly try again with the valid User!', '2023-10-05 09:46:05', 'Y', '2023-10-05 09:46:05'),
(500, 0, '/login', 'undefined', '28595781_94319565', 'F', 'Invalid User. Kindly try again with the valid User!', '2023-10-05 09:46:37', 'Y', '2023-10-05 09:46:37'),
(501, 0, '/login', 'undefined', '97142840_37823796', 'F', 'Invalid User. Kindly try again with the valid User!', '2023-10-05 09:48:10', 'Y', '2023-10-05 09:48:10'),
(502, 0, '/login', 'undefined', '99277207_34500423', 'F', 'Invalid User. Kindly try again with the valid User!', '2023-10-05 10:02:35', 'Y', '2023-10-05 10:02:35'),
(503, 0, '/login', 'undefined', '90371617_66462053', 'F', 'Invalid User. Kindly try again with the valid User!', '2023-10-05 10:04:09', 'Y', '2023-10-05 10:04:09'),
(504, 0, '/login', 'undefined', '91172942_65595717', 'F', 'Inactive or Not Approved User. Kindly contact your admin!', '2023-10-05 13:13:21', 'Y', '2023-10-05 13:13:21'),
(505, 0, '/login', 'undefined', '23080165_87023179', 'F', 'Inactive or Not Approved User. Kindly contact your admin!', '2023-10-05 13:14:38', 'Y', '2023-10-05 13:14:38'),
(506, 0, '/login', 'undefined', '23080165_87023179', 'F', 'Request already processed', '2023-10-05 13:24:22', 'Y', '2023-10-05 13:24:22'),
(507, 0, '/login', 'undefined', '230802165_87023179', 'S', 'Success', '2023-10-05 13:24:27', 'Y', '2023-10-05 13:24:27'),
(508, 0, '/login', 'undefined', '96034046_37635132', 'S', 'Success', '2023-10-05 13:28:23', 'Y', '2023-10-05 13:28:22'),
(509, 1, '/logout', 'undefined', '1_2023277192000_2892', 'S', 'Success', '2023-10-05 13:39:30', 'Y', '2023-10-05 13:39:29'),
(510, 0, '/login', 'undefined', '50989270_60905603', 'S', 'Success', '2023-10-06 04:01:49', 'Y', '2023-10-06 04:01:49'),
(511, 1, '/logout', 'undefined', '1_2023278094832_8919', 'S', 'Success', '2023-10-06 04:08:00', 'Y', '2023-10-06 04:07:59'),
(512, 0, '/login', 'undefined', '32114550_64835378', 'F', 'Inactive or Not Approved User. Kindly contact your admin!', '2023-10-06 04:13:21', 'Y', '2023-10-06 04:13:20'),
(513, 0, '/login', 'undefined', '13861443_25718181', 'F', 'Inactive or Not Approved User. Kindly contact your admin!', '2023-10-06 06:27:09', 'Y', '2023-10-06 06:27:09'),
(514, 0, '/login', 'undefined', '95939092_74244154', 'F', 'Invalid Password. Kindly try again with the valid details!', '2023-10-06 06:37:13', 'Y', '2023-10-06 06:37:13'),
(515, 0, '/login', 'undefined', '33639040_86872851', 'S', 'Success', '2023-10-06 06:37:34', 'Y', '2023-10-06 06:37:34'),
(516, 1, '/logout', 'undefined', '1_2023278121817_8162', 'S', 'Success', '2023-10-06 06:37:44', 'Y', '2023-10-06 06:37:44'),
(517, 0, '/signup', 'undefined', '84364320_15177073', 'S', 'Success', '2023-10-06 06:42:15', 'Y', '2023-10-06 06:42:10'),
(518, 0, '/signup', 'undefined', '64210900_34380903', 'S', 'Success', '2023-10-06 07:25:52', 'Y', '2023-10-06 07:25:46'),
(519, 0, '/password/forgot_password', 'undefined', '84650732_84389393', 'S', 'Success', '2023-10-06 07:42:14', 'Y', '2023-10-06 07:42:13'),
(520, 0, '/login', 'undefined', '57102398_54295637', 'F', 'Invalid Password. Kindly try again with the valid details!', '2023-10-06 08:50:41', 'Y', '2023-10-06 08:50:41'),
(521, 0, '/login', 'undefined', '50032583_75105097', 'S', 'Success', '2023-10-06 08:50:49', 'Y', '2023-10-06 08:50:49'),
(522, 0, '/password/change_password', 'undefined', '2_2023278143221_8521', 'F', 'Token is required', '2023-10-06 08:51:47', 'Y', '2023-10-06 08:51:47'),
(523, 2, '/password/change_password', 'undefined', '2_2023278143523_1439', 'S', 'Success', '2023-10-06 08:54:50', 'Y', '2023-10-06 08:54:50'),
(524, 2, '/password/change_password', 'undefined', '2_2023278143730_5149', 'S', 'Success', '2023-10-06 08:56:57', 'Y', '2023-10-06 08:56:57'),
(525, 2, '/password/change_password', 'undefined', '2_2023278144002_5637', 'S', 'Success', '2023-10-06 08:59:29', 'Y', '2023-10-06 08:59:29'),
(526, 2, '/password/change_password', 'undefined', '2_2023278144241_7225', 'S', 'Success', '2023-10-06 09:02:13', 'Y', '2023-10-06 09:02:13'),
(527, 0, '/login', 'undefined', '52927677_92795603', 'F', 'Invalid Password. Kindly try again with the valid details!', '2023-10-06 09:06:56', 'Y', '2023-10-06 09:06:56'),
(528, 0, '/login', 'undefined', '66104907_73075094', 'S', 'Success', '2023-10-06 09:07:03', 'Y', '2023-10-06 09:07:02'),
(529, 2, '/password/change_password', 'undefined', '2_2023278144828_8286', 'F', 'Incorrect old password.', '2023-10-06 09:08:00', 'Y', '2023-10-06 09:08:00'),
(530, 2, '/password/change_password', 'undefined', '2_2023278144910_2422', 'S', 'Success', '2023-10-06 09:08:37', 'Y', '2023-10-06 09:08:36'),
(531, 2, '/logout', 'undefined', '2_2023278145029_4838', 'S', 'Success', '2023-10-06 09:09:55', 'Y', '2023-10-06 09:09:55'),
(532, 0, '/login', 'undefined', '84053180_47591541', 'S', 'Success', '2023-10-06 09:10:07', 'Y', '2023-10-06 09:10:07'),
(533, 2, '/password/change_password', 'undefined', '2_2023278145100_9231', 'S', 'Success', '2023-10-06 09:10:26', 'Y', '2023-10-06 09:10:26'),
(534, 0, '/login', 'undefined', '43191639_49498837', 'S', 'Success', '2023-10-06 09:19:32', 'Y', '2023-10-06 09:19:31'),
(535, 0, '/login', 'undefined', '98849298_45004053', 'F', 'Invalid Password. Kindly try again with the valid details!', '2023-10-06 09:30:07', 'Y', '2023-10-06 09:30:07'),
(536, 0, '/login', 'undefined', '86004057_32356161', 'S', 'Success', '2023-10-06 09:30:14', 'Y', '2023-10-06 09:30:14'),
(537, 2, '/logout', 'undefined', '2_2023278164539_1165', 'S', 'Success', '2023-10-06 11:05:05', 'Y', '2023-10-06 11:05:05'),
(538, 1, '/logout', 'undefined', '1_2023278212324_9593', 'S', 'Success', '2023-10-06 15:42:54', 'Y', '2023-10-06 15:42:54'),
(539, 0, '/login', 'undefined', '38222719247234', 'S', 'Success', '2023-10-07 04:46:33', 'Y', '2023-10-07 04:46:32'),
(540, 0, '/login', 'undefined', '62816620_87520445', 'S', 'Success', '2023-10-07 05:33:58', 'Y', '2023-10-07 05:33:58'),
(541, 0, '/login', 'undefined', '92991099_99929407', 'F', 'Invalid Password. Kindly try again with the valid details!', '2023-10-07 05:54:28', 'Y', '2023-10-07 05:54:28'),
(542, 0, '/login', 'undefined', '38589863_74923809', 'S', 'Success', '2023-10-07 05:54:34', 'Y', '2023-10-07 05:54:34'),
(543, 1, '/logout', 'undefined', '1_2023279125509_8404', 'S', 'Success', '2023-10-07 07:14:38', 'Y', '2023-10-07 07:14:37'),
(544, 0, '/login', 'undefined', '94368173_52796173', 'F', 'Invalid Password. Kindly try again with the valid details!', '2023-10-07 07:15:18', 'Y', '2023-10-07 07:15:18'),
(545, 0, '/login', 'undefined', '90224465_37345563', 'S', 'Success', '2023-10-07 07:15:40', 'Y', '2023-10-07 07:15:40'),
(546, 0, '/login', 'undefined', '32422583_97299301', 'F', 'Invalid Password. Kindly try again with the valid details!', '2023-10-07 11:11:10', 'Y', '2023-10-07 11:11:10'),
(547, 0, '/login', 'undefined', '77089283_91611055', 'S', 'Success', '2023-10-07 11:11:16', 'Y', '2023-10-07 11:11:16'),
(548, 0, '/logout', 'undefined', '1_2023279165619_9356', 'N', '-', '0000-00-00 00:00:00', 'Y', '2023-10-07 11:15:41'),
(549, 0, '/logout', 'undefined', '1_2023279165619_9356', 'F', 'Invalid Token', '2023-10-07 11:15:41', 'Y', '2023-10-07 11:15:41'),
(550, 0, '/login', 'undefined', '58867040_55524251', 'S', 'Success', '2023-10-07 11:15:54', 'Y', '2023-10-07 11:15:54'),
(551, 0, '/logout', 'undefined', '1_2023279170118_6328', 'N', '-', '0000-00-00 00:00:00', 'Y', '2023-10-07 11:20:41'),
(552, 0, '/logout', 'undefined', '1_2023279170118_6328', 'F', 'Invalid Token', '2023-10-07 11:20:41', 'Y', '2023-10-07 11:20:41'),
(553, 0, '/login', 'undefined', '16921874_75605976', 'F', 'Invalid Password. Kindly try again with the valid details!', '2023-10-07 11:21:26', 'Y', '2023-10-07 11:21:26'),
(554, 0, '/login', 'undefined', '29469526_74003199', 'S', 'Success', '2023-10-07 11:21:32', 'Y', '2023-10-07 11:21:31'),
(555, 0, '/plan/user_plans_purchase', 'undefined', '1_2023282153655_5769', 'F', 'Error occurred', '2023-10-10 09:56:08', 'Y', '2023-10-10 09:56:08'),
(556, 0, '/plan/user_plans_purchase', 'undefined', '1_2023282153847_4168', 'F', 'Error occurred', '2023-10-10 09:57:59', 'Y', '2023-10-10 09:57:59'),
(557, 0, '/plan/user_plans_purchase', 'undefined', '1_2023282153948_2734', 'F', 'Error occurred', '2023-10-10 09:59:01', 'Y', '2023-10-10 09:59:00'),
(558, 0, '/plan/user_plans_purchase', 'undefined', '1_2023282154014_8419', 'F', 'Error occurred', '2023-10-10 09:59:27', 'Y', '2023-10-10 09:59:27'),
(559, 0, '/plan/user_plans_purchase', 'undefined', '1_2023282154054_6199', 'F', 'Error occurred', '2023-10-10 10:00:12', 'Y', '2023-10-10 10:00:12'),
(560, 0, '/plan/user_plans_purchase', 'undefined', '1_2023282154319_7297', 'F', 'Error occurred', '2023-10-10 10:02:32', 'Y', '2023-10-10 10:02:32'),
(561, 0, '/plan/user_plans_purchase', 'undefined', '1_2023282154506_7835', 'F', 'Error occurred', '2023-10-10 10:04:19', 'Y', '2023-10-10 10:04:19'),
(562, 0, '/plan/user_plans_purchase', 'undefined', '1_2023282154721_2590', 'F', 'Error occurred', '2023-10-10 10:06:33', 'Y', '2023-10-10 10:06:33'),
(563, 0, '/plan/user_plans_purchase', 'undefined', '1_2023282154812_1895', 'F', 'Error occurred', '2023-10-10 10:07:25', 'Y', '2023-10-10 10:07:25'),
(564, 0, '/plan/user_plans_purchase', 'undefined', '1_2023282154908_8567', 'F', 'Error occurred', '2023-10-10 10:08:20', 'Y', '2023-10-10 10:08:20'),
(565, 0, '/plan/user_plans_purchase', 'undefined', '1_2023282154959_9473', 'F', 'Error occurred', '2023-10-10 10:09:11', 'Y', '2023-10-10 10:09:11'),
(566, 0, '/plan/user_plans_purchase', 'undefined', '1_2023282155243_5485', 'F', 'Error occurred', '2023-10-10 10:11:56', 'Y', '2023-10-10 10:11:56'),
(567, 0, '/plan/user_plans_purchase', 'undefined', '1_2023282155402_4531', 'F', 'Error occurred', '2023-10-10 10:13:14', 'Y', '2023-10-10 10:13:14'),
(568, 0, '/plan/user_plans_purchase', 'undefined', '1_2023282155451_3309', 'S', 'Success', '2023-10-10 10:14:03', 'Y', '2023-10-10 10:14:03'),
(569, 1, '/logout', 'undefined', '1_2023282155607_6864', 'S', 'Success', '2023-10-10 10:15:19', 'Y', '2023-10-10 10:15:19'),
(570, 0, '/login', 'undefined', '97295656_53970799', 'F', 'Invalid Password. Kindly try again with the valid details!', '2023-10-10 10:16:05', 'Y', '2023-10-10 10:16:05'),
(571, 0, '/login', 'undefined', '33918436_58318837', 'S', 'Success', '2023-10-10 10:16:16', 'Y', '2023-10-10 10:16:16'),
(572, 0, '/plan/user_plans_purchase', 'undefined', '1_2023282155719_6911', 'S', 'Success', '2023-10-10 10:16:32', 'Y', '2023-10-10 10:16:32'),
(573, 0, '/plan/user_plans_purchase', 'undefined', '1_2023282155809_2334', 'S', 'Success', '2023-10-10 10:17:22', 'Y', '2023-10-10 10:17:21'),
(574, 0, '/plan/user_plans_purchase', 'undefined', '1_2023282155858_8622', 'S', 'Success', '2023-10-10 10:18:10', 'Y', '2023-10-10 10:18:10'),
(575, 0, '/plan/user_plans_purchase', 'undefined', '1_2023282160628_1176', 'S', 'Success', '2023-10-10 10:25:41', 'Y', '2023-10-10 10:25:40'),
(576, 0, '/plan/user_plans_purchase', 'undefined', '1_2023282160754_4760', 'S', 'Success', '2023-10-10 10:27:12', 'Y', '2023-10-10 10:27:12'),
(577, 0, '/plan/user_plans_purchase', 'undefined', '1_2023282184058_4827', 'S', 'Success', '2023-10-10 13:00:10', 'Y', '2023-10-10 13:00:10'),
(578, 0, '/plan/user_plans_purchase', 'undefined', '1_2023282184221_1389', 'S', 'Success', '2023-10-10 13:01:33', 'Y', '2023-10-10 13:01:33'),
(579, 0, '/plan/user_plans_purchase', 'undefined', '1_2023282184258_8258', 'S', 'Success', '2023-10-10 13:02:10', 'Y', '2023-10-10 13:02:09'),
(580, 1, '/logout', 'undefined', '1_2023282194312_9402', 'S', 'Success', '2023-10-10 14:02:24', 'Y', '2023-10-10 14:02:23'),
(581, 0, '/login', 'undefined', '23083388_98298634', 'F', 'Invalid Password. Kindly try again with the valid details!', '2023-10-11 05:43:06', 'Y', '2023-10-11 05:43:06'),
(582, 0, '/login', 'undefined', '62719399_71176924', 'S', 'Success', '2023-10-11 05:43:28', 'Y', '2023-10-11 05:43:28'),
(583, 0, '/plan/user_plans_purchase', 'undefined', '1_2023283112442_7553', 'S', 'Success', '2023-10-11 05:43:52', 'Y', '2023-10-11 05:43:52'),
(584, 0, '/plan/user_plans_purchase', 'undefined', '1_2023283112640_8490', 'S', 'Success', '2023-10-11 05:45:50', 'Y', '2023-10-11 05:45:50'),
(585, 0, '/plan/user_plans_purchase', 'undefined', '1_2023283123245_5698', 'S', 'Success', '2023-10-11 06:51:55', 'Y', '2023-10-11 06:51:55'),
(586, 0, '/plan/user_plans_purchase', 'undefined', '1_2023283123429_5478', 'F', 'Error occurred', '2023-10-11 06:53:44', 'Y', '2023-10-11 06:53:44'),
(587, 0, '/plan/user_plans_purchase', 'undefined', '1_2023283123638_4709', 'N', '-', '0000-00-00 00:00:00', 'Y', '2023-10-11 06:55:48'),
(588, 0, '/plan/user_plans_purchase', 'undefined', '1_2023283124105_1881', 'S', 'Success', '2023-10-11 07:00:15', 'Y', '2023-10-11 07:00:15'),
(589, 0, '/plan/user_plans_purchase', 'undefined', '1_2023283124536_5312', 'S', 'Success', '2023-10-11 07:04:46', 'Y', '2023-10-11 07:04:46'),
(590, 0, '/plan/user_plans_purchase', 'undefined', '1_2023283124757_4424', 'S', 'Success', '2023-10-11 07:07:07', 'Y', '2023-10-11 07:07:07'),
(591, 0, '/plan/user_plans_purchase', 'undefined', '1_2023283125022_8209', 'S', 'Success', '2023-10-11 07:09:32', 'Y', '2023-10-11 07:09:32'),
(592, 0, '/plan/user_plans_purchase', 'undefined', '1_2023283125938_7655', 'S', 'Success', '2023-10-11 07:18:48', 'Y', '2023-10-11 07:18:47'),
(593, 0, '/plan/user_plans_purchase', 'undefined', '1_2023283130118_7893', 'S', 'Success', '2023-10-11 07:20:28', 'Y', '2023-10-11 07:20:28'),
(594, 0, '/plan/user_plans_purchase', 'undefined', '1_2023283130454_9113', 'S', 'Success', '2023-10-11 07:24:04', 'Y', '2023-10-11 07:24:04'),
(595, 0, '/plan/user_plans_purchase', 'undefined', '1_2023283130712_2102', 'S', 'Success', '2023-10-11 07:26:22', 'Y', '2023-10-11 07:26:21'),
(596, 0, '/plan/user_plans_purchase', 'undefined', '1_2023283130830_6406', 'S', 'Success', '2023-10-11 07:27:40', 'Y', '2023-10-11 07:27:40'),
(597, 0, '/plan/user_plans_purchase', 'undefined', '1_2023283131515_7700', 'S', 'Success', '2023-10-11 07:34:25', 'Y', '2023-10-11 07:34:25'),
(598, 0, '/plan/user_plans_purchase', 'undefined', '1_2023283131747_4539', 'S', 'Success', '2023-10-11 07:36:57', 'Y', '2023-10-11 07:36:56'),
(599, 0, '/plan/user_plans_purchase', 'undefined', '1_2023283132100_9769', 'S', 'Success', '2023-10-11 07:40:10', 'Y', '2023-10-11 07:40:10'),
(600, 0, '/plan/user_plans_purchase', 'undefined', '1_2023283132244_6526', 'S', 'Success', '2023-10-11 07:41:54', 'Y', '2023-10-11 07:41:54'),
(601, 0, '/plan/user_plans_purchase', 'undefined', '1_2023283132907_6017', 'S', 'Success', '2023-10-11 07:48:16', 'Y', '2023-10-11 07:48:16'),
(602, 0, '/plan/user_plans_purchase', 'undefined', '1_2023283132950_3246', 'S', 'Success', '2023-10-11 07:48:59', 'Y', '2023-10-11 07:48:59'),
(603, 0, '/plan/user_plans_purchase', 'undefined', '1_2023283133044_5081', 'S', 'Success', '2023-10-11 07:49:54', 'Y', '2023-10-11 07:49:54'),
(604, 1, '/logout', 'undefined', '1_2023283133530_5199', 'S', 'Success', '2023-10-11 07:54:40', 'Y', '2023-10-11 07:54:40'),
(605, 0, '/login', 'undefined', '65725673_68576317', 'F', 'Invalid Password. Kindly try again with the valid details!', '2023-10-11 07:54:56', 'Y', '2023-10-11 07:54:56'),
(606, 0, '/login', 'undefined', '18804990_58319213', 'F', 'Invalid Password. Kindly try again with the valid details!', '2023-10-11 07:55:03', 'Y', '2023-10-11 07:55:03'),
(607, 0, '/login', 'undefined', '69815545_14828256', 'S', 'Success', '2023-10-11 07:55:09', 'Y', '2023-10-11 07:55:09'),
(608, 0, '/plan/user_plans_purchase', 'undefined', '1_2023283133630_8490', 'S', 'Success', '2023-10-11 07:55:40', 'Y', '2023-10-11 07:55:40'),
(609, 0, '/plan/user_plans_purchase', 'undefined', '1_2023283134242_5551', 'S', 'Success', '2023-10-11 08:01:57', 'Y', '2023-10-11 08:01:57'),
(610, 0, '/plan/user_plans_purchase', 'undefined', '1_2023283134414_9701', 'S', 'Success', '2023-10-11 08:03:24', 'Y', '2023-10-11 08:03:23'),
(611, 0, '/plan/user_plans_purchase', 'undefined', '1_2023283142948_7643', 'S', 'Success', '2023-10-11 08:48:57', 'Y', '2023-10-11 08:48:57'),
(612, 0, '/plan/user_plans_purchase', 'undefined', '1_2023283143053_2818', 'S', 'Success', '2023-10-11 08:50:08', 'Y', '2023-10-11 08:50:08'),
(613, 1, '/logout', 'undefined', '1_2023283194828_6277', 'S', 'Success', '2023-10-11 14:07:36', 'Y', '2023-10-11 14:07:36'),
(614, 0, '/login', 'undefined', '19482733_32479711', 'F', 'Invalid Password. Kindly try again with the valid details!', '2023-10-12 04:32:55', 'Y', '2023-10-12 04:32:55'),
(615, 0, '/login', 'undefined', '23104551_62839519', 'S', 'Success', '2023-10-12 04:33:01', 'Y', '2023-10-12 04:33:01'),
(616, 0, '/plan/user_plans_purchase', 'undefined', '1_2023284101642_5966', 'S', 'Success', '2023-10-12 04:35:49', 'Y', '2023-10-12 04:35:49'),
(617, 0, '/plan/user_plans_purchase', 'undefined', '1_2023284110816_8728', 'S', 'Success', '2023-10-12 05:27:23', 'Y', '2023-10-12 05:27:23'),
(618, 0, '/plan/user_plans_purchase', 'undefined', '1_2023284110855_3644', 'S', 'Success', '2023-10-12 05:28:02', 'Y', '2023-10-12 05:28:02'),
(619, 0, '/plan/user_plans_purchase', 'undefined', '1_2023284111249_4734', 'S', 'Success', '2023-10-12 05:31:56', 'Y', '2023-10-12 05:31:56'),
(620, 0, '/login', 'undefined', '58067923_67399534', 'F', 'Invalid Password. Kindly try again with the valid details!', '2023-10-12 12:56:28', 'Y', '2023-10-12 12:56:28'),
(621, 0, '/login', 'undefined', '44958999_30373709', 'S', 'Success', '2023-10-12 12:56:33', 'Y', '2023-10-12 12:56:33'),
(622, 0, '/login', 'undefined', '94610481_26638602', 'S', 'Success', '2023-10-13 11:21:09', 'Y', '2023-10-13 11:21:09'),
(623, 0, '/logout', 'undefined', '1_2023285170214_2324', 'N', '-', '0000-00-00 00:00:00', 'Y', '2023-10-13 11:21:16'),
(624, 0, '/logout', 'undefined', '1_2023285170214_2324', 'F', 'Invalid Token', '2023-10-13 11:21:17', 'Y', '2023-10-13 11:21:17'),
(625, 0, '/login', 'undefined', '13923995_73306475', 'S', 'Success', '2023-10-13 11:21:45', 'Y', '2023-10-13 11:21:45'),
(626, 1, '/logout', 'undefined', '1_2023285170348_2372', 'S', 'Success', '2023-10-13 11:22:51', 'Y', '2023-10-13 11:22:50'),
(627, 0, '/login', 'undefined', '44356959_30146101', 'S', 'Success', '2023-10-13 11:22:59', 'Y', '2023-10-13 11:22:58'),
(628, 0, '/login', 'undefined', '40249885_86864325', 'S', 'Success', '2023-10-13 11:23:33', 'Y', '2023-10-13 11:23:33'),
(629, 0, '/login', 'undefined', '18508345_91243726', 'S', 'Success', '2023-10-13 11:25:02', 'Y', '2023-10-13 11:25:02'),
(630, 0, '/login', 'undefined', '42483118_75669987', 'S', 'Success', '2023-10-13 11:29:20', 'Y', '2023-10-13 11:29:19'),
(631, 0, '/login', 'undefined', '92066764_60247361', 'S', 'Success', '2023-10-13 11:31:03', 'Y', '2023-10-13 11:31:03'),
(632, 1, '/logout', 'undefined', '1_2023285170150_9726', 'S', 'Success', '2023-10-13 11:31:50', 'Y', '2023-10-13 11:31:50'),
(633, 0, '/login', 'undefined', '85794733_10663863', 'F', 'Invalid Password. Kindly try again with the valid details!', '2023-10-13 11:31:58', 'Y', '2023-10-13 11:31:58'),
(634, 0, '/login', 'undefined', '81257033_50402988', 'F', 'Invalid Password. Kindly try again with the valid details!', '2023-10-13 11:32:05', 'Y', '2023-10-13 11:32:05'),
(635, 0, '/login', 'undefined', '13208816_48615626', 'S', 'Success', '2023-10-13 11:32:12', 'Y', '2023-10-13 11:32:11'),
(636, 0, '/logout', 'undefined', '1_2023285173524_9459', 'N', '-', '0000-00-00 00:00:00', 'Y', '2023-10-13 11:54:26'),
(637, 0, '/logout', 'undefined', '1_2023285173524_9459', 'F', 'Invalid Token', '2023-10-13 11:54:26', 'Y', '2023-10-13 11:54:26'),
(638, 1, '/logout', 'undefined', '1_2023285172447_2405', 'S', 'Success', '2023-10-13 11:54:48', 'Y', '2023-10-13 11:54:47'),
(639, 0, '/login', 'undefined', '21673530_17146235', 'F', 'Invalid Password. Kindly try again with the valid details!', '2023-10-13 11:55:09', 'Y', '2023-10-13 11:55:09'),
(640, 0, '/login', 'undefined', '28868591_76004667', 'S', 'Success', '2023-10-13 11:55:20', 'Y', '2023-10-13 11:55:20'),
(641, 1, '/sender_id/add_sender_id', 'undefined', '1_2023285183609_2457', 'S', 'Success', '2023-10-13 12:55:36', 'Y', '2023-10-13 12:55:11'),
(642, 1, '/logout', 'undefined', '1_2023285201234_1202', 'S', 'Success', '2023-10-13 14:31:42', 'Y', '2023-10-13 14:31:42'),
(643, 0, '/login', 'undefined', '91345462_70462476', 'F', 'Inactive or Not Approved User. Kindly contact your admin!', '2023-11-04 14:37:31', 'Y', '2023-11-04 14:37:30'),
(644, 0, '/login', 'undefined', '38556448_20927129', 'F', 'Inactive or Not Approved User. Kindly contact your admin!', '2023-11-04 14:38:46', 'Y', '2023-11-04 14:38:46'),
(645, 0, '/login', 'undefined', '21558848_29172612', 'S', 'Success', '2023-11-04 14:40:39', 'Y', '2023-11-04 14:40:39'),
(646, 0, '/login', 'undefined', '67797095_50140146', 'S', 'Success', '2023-11-04 15:02:42', 'Y', '2023-11-04 15:02:42'),
(647, 0, '/sender_id/add_sender_id', 'undefined', '1_2023308145313_1920', 'F', 'Request already processed', '2023-11-05 09:50:59', 'Y', '2023-11-05 09:48:31'),
(648, 0, '/sender_id/add_sender_id', 'undefined', '1_2023308145313_1920', 'F', 'Invalid Token', '2023-11-05 09:48:31', 'Y', '2023-11-05 09:48:31'),
(649, 0, '/login', 'undefined', '32427', 'F', 'Inactive or Not Approved User. Kindly contact your admin!', '2023-11-05 09:50:00', 'Y', '2023-11-05 09:50:00'),
(650, 0, '/login', 'undefined', '3242721', 'S', 'Success', '2023-11-05 09:50:28', 'Y', '2023-11-05 09:50:27'),
(651, 0, '/sender_id/add_sender_id', 'undefined', '1_2023308145313_1920', 'F', 'Request already processed', '2023-11-05 09:50:59', 'Y', '2023-11-05 09:50:59'),
(652, 1, '/sender_id/add_sender_id', 'undefined', '1_2023308145313_1820', 'S', 'Success', '2023-11-05 09:51:20', 'Y', '2023-11-05 09:51:05'),
(653, 1, '/sender_id/add_sender_id', 'undefined', '1_2023308145313_1821', 'S', 'Success', '2023-11-05 09:51:52', 'Y', '2023-11-05 09:51:46'),
(654, 1, '/group/create_group', 'undefined', 'd23232', 'N', '-', '0000-00-00 00:00:00', 'Y', '2023-11-05 09:56:52'),
(655, 1, '/group/create_group', 'undefined', 'fewd23232', 'N', '-', '0000-00-00 00:00:00', 'Y', '2023-11-05 09:57:28'),
(656, 1, '/group/create_group', 'undefined', 'fewddqw23232', 'F', 'Error occurred', '2023-11-05 09:58:31', 'Y', '2023-11-05 09:58:08'),
(657, 1, '/group/add_members', 'undefined', '137223232', 'N', '-', '0000-00-00 00:00:00', 'Y', '2023-11-05 10:34:01'),
(658, 1, '/group/add_members', 'undefined', '1372d2q23232', 'N', '-', '0000-00-00 00:00:00', 'Y', '2023-11-05 10:34:41'),
(659, 1, '/group/add_members', 'undefined', '1372d22q23232', 'F', 'Group not found', '2023-11-05 10:39:27', 'Y', '2023-11-05 10:39:27'),
(660, 1, '/group/create_group', 'undefined', '3298732', 'F', 'Error occurred', '2023-11-05 10:41:47', 'Y', '2023-11-05 10:40:17'),
(661, 1, '/group/create_group', 'undefined', '3298732', 'F', 'Error occurred', '2023-11-05 10:41:47', 'Y', '2023-11-05 10:41:20'),
(662, 1, '/group/create_group', 'undefined', '3298732', 'F', 'Error occurred', '2023-11-05 10:41:47', 'Y', '2023-11-05 10:41:27'),
(663, 1, '/group/add_members', 'undefined', '32918732', 'F', 'Error occurred', '2023-11-05 10:43:36', 'Y', '2023-11-05 10:43:17'),
(664, 1, '/group/create_group', 'undefined', '32912328732', 'S', 'Success', '2023-11-05 10:51:43', 'Y', '2023-11-05 10:51:23'),
(665, 1, '/group/add_members', 'undefined', '4232', 'F', 'Error occurred', '2023-11-05 10:52:38', 'Y', '2023-11-05 10:52:20'),
(666, 0, '/login', 'undefined', '56002291_40849070', 'S', 'Success', '2023-11-05 12:40:32', 'Y', '2023-11-05 12:40:32'),
(667, 1, '/group/create_group', 'undefined', '1_2023308190157_6510', 'F', 'Group already exists', '2023-11-05 13:31:58', 'Y', '2023-11-05 13:31:57'),
(668, 1, '/group/create_group', 'undefined', '1_2023308190230_1632', 'F', 'Error occurred', '2023-11-05 13:33:02', 'Y', '2023-11-05 13:32:30'),
(669, 1, '/group/add_members', 'undefined', '1_2023308190849_7755', 'F', 'Error occurred', '2023-11-05 13:39:18', 'Y', '2023-11-05 13:38:49'),
(670, 1, '/group/add_members', 'undefined', '1_2023308191525_5982', 'F', 'Error occurred', '2023-11-05 13:45:52', 'Y', '2023-11-05 13:45:25'),
(671, 1, '/group/add_members', 'undefined', '1_2023308191850_9713', 'F', 'Error occurred', '2023-11-05 13:49:18', 'Y', '2023-11-05 13:48:50'),
(672, 1, '/group/add_members', 'undefined', '1_2023308192016_1111', 'F', 'Error occurred', '2023-11-05 13:50:44', 'Y', '2023-11-05 13:50:16'),
(673, 1, '/group/add_members', 'undefined', '1_2023308192154_6259', 'F', 'Error occurred', '2023-11-05 13:52:21', 'Y', '2023-11-05 13:51:54'),
(674, 1, '/group/create_group', 'undefined', '1_2023308192459_9521', 'S', 'Success', '2023-11-05 13:55:27', 'Y', '2023-11-05 13:54:59'),
(675, 1, '/group/add_members', 'undefined', '1_2023308192623_5403', 'F', 'Error occurred', '2023-11-05 13:56:52', 'Y', '2023-11-05 13:56:23'),
(676, 0, '/sender_id/add_sender_id', 'undefined', '5324334', 'N', '-', '0000-00-00 00:00:00', 'Y', '2023-11-05 14:07:36'),
(677, 0, '/sender_id/add_sender_id', 'undefined', '5324334', 'F', 'Invalid Token', '2023-11-05 14:07:36', 'Y', '2023-11-05 14:07:36'),
(678, 1, '/sender_id/add_sender_id', 'undefined', '5324334678', 'S', 'Success', '2023-11-05 14:08:13', 'Y', '2023-11-05 14:07:58'),
(679, 1, '/sender_id/add_sender_id', 'undefined', '9878', 'S', 'Success', '2023-11-05 14:09:39', 'Y', '2023-11-05 14:09:23'),
(680, 1, '/group/add_members', 'undefined', '1_2023308194130_6794', 'F', 'Sender ID unlinked', '2023-11-05 14:13:41', 'Y', '2023-11-05 14:11:30'),
(681, 1, '/group/add_members', 'undefined', '1_2023308194423_6230', 'N', '-', '0000-00-00 00:00:00', 'Y', '2023-11-05 14:14:23'),
(682, 1, '/sender_id/add_sender_id', 'undefined', '1_2023308195729_8696', 'S', 'Success', '2023-11-05 14:27:44', 'Y', '2023-11-05 14:27:29'),
(683, 1, '/group/add_members', 'undefined', '1_2023308195916_6244', 'S', 'Success', '2023-11-05 14:29:49', 'Y', '2023-11-05 14:29:16'),
(684, 0, '/login', 'undefined', '83719123_43712640', 'S', 'Success', '2023-11-06 03:50:08', 'Y', '2023-11-06 03:50:08'),
(685, 0, '/login', 'undefined', '53599346_30653781', 'S', 'Success', '2023-11-06 04:04:32', 'Y', '2023-11-06 04:04:32'),
(686, 0, '/login', 'undefined', '71448195_42331335', 'S', 'Success', '2023-11-06 04:04:41', 'Y', '2023-11-06 04:04:41'),
(687, 0, '/login', 'undefined', '19089198_68755993', 'S', 'Success', '2023-11-06 04:06:05', 'Y', '2023-11-06 04:06:05'),
(688, 0, '/logout', 'undefined', '1_2023309093615_1828', 'N', '-', '0000-00-00 00:00:00', 'Y', '2023-11-06 04:06:15'),
(689, 0, '/logout', 'undefined', '1_2023309093615_1828', 'F', 'Invalid Token', '2023-11-06 04:06:15', 'Y', '2023-11-06 04:06:15'),
(690, 0, '/login', 'undefined', '59134543_82155195', 'S', 'Success', '2023-11-06 04:06:59', 'Y', '2023-11-06 04:06:59'),
(691, 0, '/login', 'undefined', '87835173_22782533', 'F', 'Inactive or Not Approved User. Kindly contact your admin!', '2023-11-06 04:07:53', 'Y', '2023-11-06 04:07:53'),
(692, 0, '/login', 'undefined', '61540520_41583511', 'S', 'Success', '2023-11-06 04:08:20', 'Y', '2023-11-06 04:08:20'),
(693, 0, '/logout', 'undefined', '1_2023309102150_6706', 'N', '-', '0000-00-00 00:00:00', 'Y', '2023-11-06 04:51:50'),
(694, 0, '/logout', 'undefined', '1_2023309102150_6706', 'F', 'Invalid Token', '2023-11-06 04:51:50', 'Y', '2023-11-06 04:51:50'),
(695, 0, '/login', 'undefined', '39447698_86610965', 'S', 'Success', '2023-11-06 04:52:07', 'Y', '2023-11-06 04:52:07'),
(696, 1, '/logout', 'undefined', '1_2023309130119_4060', 'S', 'Success', '2023-11-06 07:31:19', 'Y', '2023-11-06 07:31:19'),
(697, 0, '/login', 'undefined', '67484822_56988382', 'S', 'Success', '2023-11-06 07:59:18', 'Y', '2023-11-06 07:59:17'),
(698, 0, '/login', 'undefined', '3242721', 'F', 'Request already processed', '2023-11-06 11:55:18', 'Y', '2023-11-06 11:55:18'),
(699, 0, '/login', 'undefined', '13733379_58321774', 'S', 'Success', '2023-11-06 12:00:46', 'Y', '2023-11-06 12:00:46'),
(700, 0, '/logout', 'undefined', '1_2023309175743_8384', 'N', '-', '0000-00-00 00:00:00', 'Y', '2023-11-06 12:27:43'),
(701, 0, '/logout', 'undefined', '1_2023309175743_8384', 'F', 'Invalid Token', '2023-11-06 12:27:43', 'Y', '2023-11-06 12:27:43'),
(702, 1, '/sender_id/delete_sender_id', 'undefined', '1_2023309183242_1415', 'S', 'Success', '2023-11-06 13:02:42', 'Y', '2023-11-06 13:02:42'),
(703, 0, '/group/create_group', 'undefined', '4232', 'F', 'Request already processed', '2023-11-06 14:15:20', 'Y', '2023-11-06 14:15:20'),
(704, 0, '/group/create_group', 'undefined', '534534', 'F', 'Request already processed', '2023-11-06 14:16:04', 'Y', '2023-11-06 14:15:28'),
(705, 0, '/group/create_group', 'undefined', '534534', 'F', 'Invalid Token', '2023-11-06 14:15:28', 'Y', '2023-11-06 14:15:28'),
(706, 0, '/group/create_group', 'undefined', '534534', 'F', 'Request already processed', '2023-11-06 14:16:04', 'Y', '2023-11-06 14:16:04'),
(707, 1, '/group/create_group', 'undefined', '5345234', 'N', '-', '0000-00-00 00:00:00', 'Y', '2023-11-06 14:16:08'),
(708, 1, '/group/create_group', 'undefined', '53452314', 'F', 'Group already exists', '2023-11-06 14:17:59', 'Y', '2023-11-06 14:17:58'),
(709, 1, '/group/create_group', 'undefined', '5345e12314', 'F', 'Cannot add more than 1000 numbers to a group.', '2023-11-06 14:19:25', 'Y', '2023-11-06 14:19:25'),
(710, 1, '/group/create_group', 'undefined', '5345e112314', 'N', '-', '0000-00-00 00:00:00', 'Y', '2023-11-06 14:20:15'),
(711, 1, '/group/create_group', 'undefined', '5345e1112314', 'F', 'Sender ID unlinked', '2023-11-06 14:22:31', 'Y', '2023-11-06 14:20:28'),
(712, 0, '/sender_id/add_sender_id', 'undefined', '9873218', 'N', '-', '0000-00-00 00:00:00', 'Y', '2023-11-06 14:24:42'),
(713, 0, '/sender_id/add_sender_id', 'undefined', '9873218', 'F', 'Invalid Token', '2023-11-06 14:24:42', 'Y', '2023-11-06 14:24:42'),
(714, 1, '/sender_id/add_sender_id', 'undefined', '987321228', 'S', 'Success', '2023-11-06 14:25:14', 'Y', '2023-11-06 14:25:07'),
(715, 1, '/group/create_group', 'undefined', '5345e11112314', 'F', 'No contacts found', '2023-11-06 14:27:00', 'Y', '2023-11-06 14:26:37'),
(716, 1, '/sender_id/add_sender_id', 'undefined', '98732122218', 'S', 'Success', '2023-11-06 14:28:12', 'Y', '2023-11-06 14:27:59'),
(717, 1, '/group/create_group', 'undefined', '5345911112314', 'F', 'No contacts found', '2023-11-06 14:30:23', 'Y', '2023-11-06 14:30:04'),
(718, 1, '/group/create_group', 'undefined', '54534', 'F', 'No contacts found', '2023-11-06 14:33:09', 'Y', '2023-11-06 14:32:48'),
(719, 1, '/group/create_group', 'undefined', '545324', 'F', 'No contacts found', '2023-11-06 14:34:30', 'Y', '2023-11-06 14:34:07'),
(720, 1, '/group/create_group', 'undefined', '5453224', 'S', 'Success', '2023-11-06 14:44:11', 'Y', '2023-11-06 14:43:45'),
(721, 0, '/login', 'undefined', '94368248_65665478', 'S', 'Success', '2023-11-06 15:59:47', 'Y', '2023-11-06 15:59:46'),
(722, 2, '/logout', 'undefined', '2_2023309215046_5071', 'S', 'Success', '2023-11-06 16:20:47', 'Y', '2023-11-06 16:20:46'),
(723, 0, '/login', 'undefined', '85676081_19143024', 'S', 'Success', '2023-11-06 16:21:03', 'Y', '2023-11-06 16:21:02'),
(724, 0, '/logout', 'undefined', '1_2023310092528_3772', 'N', '-', '0000-00-00 00:00:00', 'Y', '2023-11-07 03:55:28'),
(725, 0, '/logout', 'undefined', '1_2023310092528_3772', 'F', 'Invalid Token', '2023-11-07 03:55:28', 'Y', '2023-11-07 03:55:28'),
(726, 0, '/login', 'undefined', '15188905_91515602', 'S', 'Success', '2023-11-07 03:58:33', 'Y', '2023-11-07 03:58:33'),
(727, 0, '/group/add_members', 'undefined', '51453224', 'F', 'Request already processed', '2023-11-07 05:17:16', 'Y', '2023-11-07 05:16:55'),
(728, 0, '/group/add_members', 'undefined', '51453224', 'F', 'Invalid Token', '2023-11-07 05:16:55', 'Y', '2023-11-07 05:16:55'),
(729, 0, '/group/add_members', 'undefined', '51453224', 'F', 'Request already processed', '2023-11-07 05:17:16', 'Y', '2023-11-07 05:17:15'),
(730, 1, '/group/add_members', 'undefined', '514dq53224', 'S', 'Success', '2023-11-07 05:17:44', 'Y', '2023-11-07 05:17:21'),
(731, 0, '/group/add_members', 'undefined', '514dq53224', 'F', 'Request already processed', '2023-11-07 05:25:25', 'Y', '2023-11-07 05:25:24'),
(732, 1, '/group/add_members', 'undefined', '514dq5323224', 'F', 'No contacts found', '2023-11-07 05:25:47', 'Y', '2023-11-07 05:25:28'),
(733, 1, '/group/add_members', 'undefined', '432432', 'S', 'Success', '2023-11-07 05:27:13', 'Y', '2023-11-07 05:26:52'),
(734, 1, '/group/add_members', 'undefined', '4312432', 'F', 'Error occurred', '2023-11-07 05:33:34', 'Y', '2023-11-07 05:33:16'),
(735, 1, '/group/add_members', 'undefined', '431e12432', 'S', 'Success', '2023-11-07 05:40:59', 'Y', '2023-11-07 05:40:37'),
(736, 0, '/login', 'undefined', '62980404_20516686', 'S', 'Success', '2023-11-07 05:46:51', 'Y', '2023-11-07 05:46:51'),
(737, 0, '/group/add_members', 'undefined', '32143242', 'F', 'Request already processed', '2023-11-07 06:04:02', 'Y', '2023-11-07 06:03:03'),
(738, 0, '/group/add_members', 'undefined', '32143242', 'F', 'Invalid Token', '2023-11-07 06:03:04', 'Y', '2023-11-07 06:03:04'),
(739, 0, '/group/add_members', 'undefined', '32143242', 'F', 'Request already processed', '2023-11-07 06:04:02', 'Y', '2023-11-07 06:04:02'),
(740, 1, '/group/add_members', 'undefined', '321e43242', 'S', 'Success', '2023-11-07 06:05:58', 'Y', '2023-11-07 06:04:06'),
(741, 1, '/group/create_group', 'undefined', '321e243242', 'N', '-', '0000-00-00 00:00:00', 'Y', '2023-11-07 06:08:52'),
(742, 1, '/group/create_group', 'undefined', '321e2e243242', 'F', 'No available credit to create group.', '2023-11-07 06:09:36', 'Y', '2023-11-07 06:09:35'),
(743, 0, '/logout', 'undefined', '1_2023310114058_9069', 'N', '-', '0000-00-00 00:00:00', 'Y', '2023-11-07 06:10:58'),
(744, 0, '/logout', 'undefined', '1_2023310114058_9069', 'F', 'Invalid Token', '2023-11-07 06:10:58', 'Y', '2023-11-07 06:10:58'),
(745, 0, '/login', 'undefined', '52433961_62198996', 'S', 'Success', '2023-11-07 06:12:01', 'Y', '2023-11-07 06:12:00'),
(746, 1, '/logout', 'undefined', '1_2023310114205_9595', 'S', 'Success', '2023-11-07 06:12:06', 'Y', '2023-11-07 06:12:05'),
(747, 0, '/login', 'undefined', '73628658_98796660', 'S', 'Success', '2023-11-07 06:19:33', 'Y', '2023-11-07 06:19:33'),
(748, 0, '/login', 'undefined', '50586704_89157420', 'S', 'Success', '2023-11-07 06:45:47', 'Y', '2023-11-07 06:45:47'),
(749, 0, '/login', 'undefined', '28666031_94413151', 'S', 'Success', '2023-11-07 07:02:37', 'Y', '2023-11-07 07:02:37'),
(750, 0, '/logout', 'undefined', '1_2023310124353_5244', 'N', '-', '0000-00-00 00:00:00', 'Y', '2023-11-07 07:02:39'),
(751, 0, '/logout', 'undefined', '1_2023310124353_5244', 'F', 'Invalid Token', '2023-11-07 07:02:39', 'Y', '2023-11-07 07:02:39'),
(752, 0, '/login', 'undefined', '30562277_91037141', 'S', 'Success', '2023-11-07 07:03:11', 'Y', '2023-11-07 07:03:11'),
(753, 2, '/logout', 'undefined', '2_2023310124450_1340', 'S', 'Success', '2023-11-07 07:03:37', 'Y', '2023-11-07 07:03:36'),
(754, 0, '/login', 'undefined', '12778718_70730032', 'S', 'Success', '2023-11-07 07:04:11', 'Y', '2023-11-07 07:04:10'),
(755, 0, '/logout', 'undefined', '1_2023310123418_5362', 'N', '-', '0000-00-00 00:00:00', 'Y', '2023-11-07 07:04:18');
INSERT INTO `api_log` (`log_id`, `user_id`, `api_url`, `ip_address`, `request_id`, `response_status`, `response_comments`, `response_date`, `log_status`, `log_entry_date`) VALUES
(756, 0, '/logout', 'undefined', '1_2023310123418_5362', 'F', 'Invalid Token', '2023-11-07 07:04:18', 'Y', '2023-11-07 07:04:18'),
(757, 0, '/login', 'undefined', '27266802_92768585', 'S', 'Success', '2023-11-07 07:04:32', 'Y', '2023-11-07 07:04:32'),
(758, 1, '/logout', 'undefined', '1_2023310123440_8102', 'S', 'Success', '2023-11-07 07:04:40', 'Y', '2023-11-07 07:04:40'),
(759, 0, '/logout', 'undefined', '1_2023310124645_4260', 'N', '-', '0000-00-00 00:00:00', 'Y', '2023-11-07 07:05:31'),
(760, 0, '/logout', 'undefined', '1_2023310124645_4260', 'F', 'Invalid Token', '2023-11-07 07:05:31', 'Y', '2023-11-07 07:05:31'),
(761, 0, '/login', 'undefined', '32772382_90025110', 'S', 'Success', '2023-11-07 07:05:35', 'Y', '2023-11-07 07:05:35'),
(762, 0, '/login', 'undefined', '68214245_92724993', 'S', 'Success', '2023-11-07 07:06:11', 'Y', '2023-11-07 07:06:11'),
(763, 0, '/logout', 'undefined', '1_2023310124348_2886', 'N', '-', '0000-00-00 00:00:00', 'Y', '2023-11-07 07:13:48'),
(764, 0, '/logout', 'undefined', '1_2023310124348_2886', 'F', 'Invalid Token', '2023-11-07 07:13:48', 'Y', '2023-11-07 07:13:48'),
(765, 1, '/logout', 'undefined', '1_2023310130201_5041', 'S', 'Success', '2023-11-07 07:20:48', 'Y', '2023-11-07 07:20:47'),
(766, 0, '/login', 'undefined', '91101904_79614519', 'S', 'Success', '2023-11-07 07:21:06', 'Y', '2023-11-07 07:21:06'),
(767, 1, '/logout', 'undefined', '1_2023310130224_2767', 'S', 'Success', '2023-11-07 07:21:10', 'Y', '2023-11-07 07:21:10'),
(768, 0, '/login', 'undefined', '46434376_43599584', 'S', 'Success', '2023-11-07 07:22:24', 'Y', '2023-11-07 07:22:23'),
(769, 1, '/logout', 'undefined', '1_2023310130346_6565', 'S', 'Success', '2023-11-07 07:22:33', 'Y', '2023-11-07 07:22:32'),
(770, 0, '/login', 'undefined', '29785871_38431853', 'S', 'Success', '2023-11-07 07:22:51', 'Y', '2023-11-07 07:22:51'),
(771, 1, '/logout', 'undefined', '1_2023310130408_7208', 'S', 'Success', '2023-11-07 07:22:54', 'Y', '2023-11-07 07:22:54'),
(772, 0, '/login', 'undefined', '89173789_36121803', 'S', 'Success', '2023-11-07 07:23:44', 'Y', '2023-11-07 07:23:44'),
(773, 1, '/logout', 'undefined', '1_2023310130501_9532', 'S', 'Success', '2023-11-07 07:23:47', 'Y', '2023-11-07 07:23:47'),
(774, 0, '/login', 'undefined', '89863258_86354381', 'S', 'Success', '2023-11-07 07:24:56', 'Y', '2023-11-07 07:24:56'),
(775, 0, '/login', 'undefined', '44760869_91213850', 'S', 'Success', '2023-11-07 09:03:04', 'Y', '2023-11-07 09:03:04'),
(776, 1, '/logout', 'undefined', '1_2023310143310_5742', 'S', 'Success', '2023-11-07 09:03:10', 'Y', '2023-11-07 09:03:10'),
(777, 0, '/logout', 'undefined', '1_2023310144457_3809', 'N', '-', '0000-00-00 00:00:00', 'Y', '2023-11-07 09:03:48'),
(778, 0, '/logout', 'undefined', '1_2023310144457_3809', 'F', 'Invalid Token', '2023-11-07 09:03:49', 'Y', '2023-11-07 09:03:49'),
(779, 0, '/login', 'undefined', '91432334_47908950', 'S', 'Success', '2023-11-07 09:04:07', 'Y', '2023-11-07 09:04:07'),
(780, 0, '/login', 'undefined', '27504736_51720734', 'S', 'Success', '2023-11-07 09:04:48', 'Y', '2023-11-07 09:04:47'),
(781, 0, '/logout', 'undefined', '1_2023310144628_9747', 'N', '-', '0000-00-00 00:00:00', 'Y', '2023-11-07 09:05:14'),
(782, 0, '/logout', 'undefined', '1_2023310144628_9747', 'F', 'Invalid Token', '2023-11-07 09:05:14', 'Y', '2023-11-07 09:05:14'),
(783, 0, '/login', 'undefined', '92150032_87573139', 'S', 'Success', '2023-11-07 09:05:40', 'Y', '2023-11-07 09:05:39'),
(784, 0, '/logout', 'undefined', '1_2023310143657_7278', 'N', '-', '0000-00-00 00:00:00', 'Y', '2023-11-07 09:06:57'),
(785, 0, '/logout', 'undefined', '1_2023310143657_7278', 'F', 'Invalid Token', '2023-11-07 09:06:57', 'Y', '2023-11-07 09:06:57'),
(786, 0, '/group/add_members', 'undefined', '43234', 'N', '-', '0000-00-00 00:00:00', 'Y', '2023-11-07 10:25:50'),
(787, 0, '/group/add_members', 'undefined', '43234', 'F', 'Invalid Token', '2023-11-07 10:25:51', 'Y', '2023-11-07 10:25:51'),
(788, 1, '/group/add_members', 'undefined', '432f34', 'S', 'Success', '2023-11-07 10:26:40', 'Y', '2023-11-07 10:26:18'),
(789, 0, '/login', 'undefined', '67447865_43624626', 'S', 'Success', '2023-11-07 11:09:08', 'Y', '2023-11-07 11:09:08'),
(790, 0, '/logout', 'undefined', '1_2023310163921_6286', 'N', '-', '0000-00-00 00:00:00', 'Y', '2023-11-07 11:09:21'),
(791, 0, '/logout', 'undefined', '1_2023310163921_6286', 'F', 'Invalid Token', '2023-11-07 11:09:21', 'Y', '2023-11-07 11:09:21'),
(792, 0, '/logout', 'undefined', '1_2023310175038_4787', 'N', '-', '0000-00-00 00:00:00', 'Y', '2023-11-07 12:09:23'),
(793, 0, '/logout', 'undefined', '1_2023310175038_4787', 'F', 'Invalid Token', '2023-11-07 12:09:23', 'Y', '2023-11-07 12:09:23'),
(794, 1, '/logout', 'undefined', '1_2023310174725_9846', 'S', 'Success', '2023-11-07 12:17:25', 'Y', '2023-11-07 12:17:25'),
(795, 0, '/login', 'undefined', '83233624_24783615', 'S', 'Success', '2023-11-07 12:17:42', 'Y', '2023-11-07 12:17:41'),
(796, 2, '/logout', 'undefined', '2_2023310174947_6761', 'S', 'Success', '2023-11-07 12:19:47', 'Y', '2023-11-07 12:19:47'),
(797, 0, '/login', 'undefined', '93451822_39967496', 'S', 'Success', '2023-11-07 12:20:03', 'Y', '2023-11-07 12:20:03'),
(798, 1, '/logout', 'undefined', '1_2023310182737_4355', 'S', 'Success', '2023-11-07 12:57:38', 'Y', '2023-11-07 12:57:37'),
(799, 0, '/login', 'undefined', '99776195_69462540', 'S', 'Success', '2023-11-07 12:57:58', 'Y', '2023-11-07 12:57:58'),
(800, 0, '/login', 'undefined', '99072171_85658267', 'S', 'Success', '2023-11-07 13:02:25', 'Y', '2023-11-07 13:02:25'),
(801, 0, '/logout', 'undefined', '1_2023310184408_2752', 'N', '-', '0000-00-00 00:00:00', 'Y', '2023-11-07 13:02:52'),
(802, 0, '/logout', 'undefined', '1_2023310184408_2752', 'F', 'Invalid Token', '2023-11-07 13:02:52', 'Y', '2023-11-07 13:02:52'),
(803, 0, '/group/add_members', 'undefined', '232131', 'F', 'Request already processed', '2023-11-07 13:03:59', 'Y', '2023-11-07 13:03:40'),
(804, 0, '/group/add_members', 'undefined', '232131', 'F', 'Invalid Token', '2023-11-07 13:03:40', 'Y', '2023-11-07 13:03:40'),
(805, 0, '/group/add_members', 'undefined', '232131', 'F', 'Request already processed', '2023-11-07 13:03:59', 'Y', '2023-11-07 13:03:59'),
(806, 1, '/group/add_members', 'undefined', '23dq2131', 'S', 'Success', '2023-11-07 13:06:00', 'Y', '2023-11-07 13:04:04'),
(807, 0, '/login', 'undefined', '49979628_37133658', 'S', 'Success', '2023-11-07 13:17:03', 'Y', '2023-11-07 13:17:03'),
(808, 0, '/logout', 'undefined', '1_2023310184731_4110', 'N', '-', '0000-00-00 00:00:00', 'Y', '2023-11-07 13:17:31'),
(809, 0, '/logout', 'undefined', '1_2023310184731_4110', 'F', 'Invalid Token', '2023-11-07 13:17:31', 'Y', '2023-11-07 13:17:31'),
(810, 1, '/logout', 'undefined', '1_2023310190114_2213', 'S', 'Success', '2023-11-07 13:19:59', 'Y', '2023-11-07 13:19:58'),
(811, 0, '/login', 'undefined', '44916170_77417532', 'S', 'Success', '2023-11-07 13:29:48', 'Y', '2023-11-07 13:29:47'),
(812, 0, '/login', 'undefined', '22655014_55752788', 'S', 'Success', '2023-11-07 13:44:42', 'Y', '2023-11-07 13:44:42'),
(813, 0, '/logout', 'undefined', '1_2023310191531_1699', 'N', '-', '0000-00-00 00:00:00', 'Y', '2023-11-07 13:45:31'),
(814, 0, '/logout', 'undefined', '1_2023310191531_1699', 'F', 'Invalid Token', '2023-11-07 13:45:31', 'Y', '2023-11-07 13:45:31'),
(815, 1, '/group/create_group', 'undefined', '1_2023310192931_5960', 'F', 'No available credit to create group.', '2023-11-07 13:59:31', 'Y', '2023-11-07 13:59:31'),
(816, 1, '/group/create_group', 'undefined', '1_2023310193612_2588', 'F', 'Sender ID unlinked', '2023-11-07 14:08:22', 'Y', '2023-11-07 14:06:12'),
(817, 1, '/group/send_message', 'undefined', 'desjd', 'F', 'Sender ID not found', '2023-11-07 14:23:18', 'Y', '2023-11-07 14:23:17'),
(818, 1, '/group/send_message', 'undefined', 'des221jd', 'S', 'Success', '2023-11-07 14:24:32', 'Y', '2023-11-07 14:24:10'),
(819, 1, '/sender_id/add_sender_id', 'undefined', '1_2023310200053_5676', 'S', 'Success', '2023-11-07 14:31:01', 'Y', '2023-11-07 14:30:53'),
(820, 1, '/group/send_message', 'undefined', '32432', 'Y', 'Success', '2023-11-07 14:36:04', 'Y', '2023-11-07 14:35:42'),
(821, 1, '/sender_id/add_sender_id', 'undefined', '1_2023310200738_2418', 'S', 'Success', '2023-11-07 14:37:52', 'Y', '2023-11-07 14:37:38'),
(822, 1, '/group/create_group', 'undefined', '1_2023310201252_4968', 'S', 'Success', '2023-11-07 14:45:34', 'Y', '2023-11-07 14:42:52'),
(823, 1, '/group/add_members', 'undefined', '1_2023310202324_2781', 'S', 'Success', '2023-11-07 14:53:45', 'Y', '2023-11-07 14:53:24'),
(824, 1, '/group/send_message', 'undefined', '32324332', 'Y', 'Success', '2023-11-07 14:54:28', 'Y', '2023-11-07 14:54:09'),
(825, 1, '/group/add_members', 'undefined', '1_2023310202503_5115', 'F', 'No contacts found', '2023-11-07 14:55:23', 'Y', '2023-11-07 14:55:03'),
(826, 1, '/group/add_members', 'undefined', '1_2023310202633_7479', 'S', 'Success', '2023-11-07 14:56:54', 'Y', '2023-11-07 14:56:33'),
(827, 1, '/group/send_message', 'undefined', '22323232', 'Y', 'Success', '2023-11-07 15:16:34', 'Y', '2023-11-07 15:16:14'),
(828, 1, '/logout', 'undefined', '1_2023310205251_8943', 'S', 'Success', '2023-11-07 15:22:52', 'Y', '2023-11-07 15:22:51'),
(829, 0, '/group/send_message', 'undefined', '223223232', 'N', '-', '0000-00-00 00:00:00', 'Y', '2023-11-07 15:46:40'),
(830, 0, '/group/send_message', 'undefined', '223223232', 'F', 'Invalid Token', '2023-11-07 15:46:40', 'Y', '2023-11-07 15:46:40'),
(831, 0, '/login', 'undefined', '21994896_22558214', 'S', 'Success', '2023-11-07 15:47:05', 'Y', '2023-11-07 15:47:04'),
(832, 1, '/group/send_message', 'undefined', '22322cw3232', 'Y', 'Success', '2023-11-07 15:47:51', 'Y', '2023-11-07 15:47:31'),
(833, 0, '/login', 'undefined', '50557657_21054072', 'S', 'Success', '2023-11-08 04:09:11', 'Y', '2023-11-08 04:09:10'),
(834, 1, '/logout', 'undefined', '1_2023311094058_7692', 'S', 'Success', '2023-11-08 04:10:59', 'Y', '2023-11-08 04:10:58'),
(835, 0, '/login', 'undefined', '42657189_64401412', 'S', 'Success', '2023-11-08 04:11:10', 'Y', '2023-11-08 04:11:09'),
(836, 0, '/login', 'undefined', '80522580_45265714', 'S', 'Success', '2023-11-08 04:13:26', 'Y', '2023-11-08 04:13:25'),
(837, 2, '/logout', 'undefined', '2_2023311105844_3310', 'S', 'Success', '2023-11-08 05:28:44', 'Y', '2023-11-08 05:28:44'),
(838, 0, '/login', 'undefined', '83938117_20666043', 'S', 'Success', '2023-11-08 05:29:24', 'Y', '2023-11-08 05:29:24'),
(839, 0, '/logout', 'undefined', '1_2023311110011_4637', 'N', '-', '0000-00-00 00:00:00', 'Y', '2023-11-08 05:30:11'),
(840, 0, '/logout', 'undefined', '1_2023311110011_4637', 'F', 'Invalid Token', '2023-11-08 05:30:11', 'Y', '2023-11-08 05:30:11'),
(841, 1, '/logout', 'undefined', '1_2023311111805_5595', 'S', 'Success', '2023-11-08 05:48:06', 'Y', '2023-11-08 05:48:05'),
(842, 0, '/login', 'undefined', '47941454_15212584', 'S', 'Success', '2023-11-08 05:48:23', 'Y', '2023-11-08 05:48:23'),
(843, 1, '/logout', 'undefined', '1_2023311111833_1514', 'S', 'Success', '2023-11-08 05:48:33', 'Y', '2023-11-08 05:48:33'),
(844, 0, '/login', 'undefined', '75181706_35550584', 'S', 'Success', '2023-11-08 05:48:40', 'Y', '2023-11-08 05:48:39'),
(845, 2, '/logout', 'undefined', '2_2023311114647_3077', 'S', 'Success', '2023-11-08 06:16:48', 'Y', '2023-11-08 06:16:47'),
(846, 0, '/login', 'undefined', '94948238_62635955', 'S', 'Success', '2023-11-08 06:17:03', 'Y', '2023-11-08 06:17:03'),
(847, 0, '/login', 'undefined', '58843815_88823293', 'S', 'Success', '2023-11-08 06:36:36', 'Y', '2023-11-08 06:36:36'),
(848, 1, '/logout', 'undefined', '1_2023311120728_1464', 'S', 'Success', '2023-11-08 06:37:29', 'Y', '2023-11-08 06:37:28'),
(849, 0, '/login', 'undefined', '11054877_92371239', 'S', 'Success', '2023-11-08 06:37:42', 'Y', '2023-11-08 06:37:41'),
(850, 2, '/logout', 'undefined', '2_2023311121352_2915', 'S', 'Success', '2023-11-08 06:43:52', 'Y', '2023-11-08 06:43:52'),
(851, 0, '/login', 'undefined', '60668050_21401845', 'S', 'Success', '2023-11-08 06:44:04', 'Y', '2023-11-08 06:44:03'),
(852, 0, '/login', 'undefined', '68287395_18682554', 'S', 'Success', '2023-11-08 06:45:46', 'Y', '2023-11-08 06:45:45'),
(853, 0, '/logout', 'undefined', '1_2023311121613_3526', 'N', '-', '0000-00-00 00:00:00', 'Y', '2023-11-08 06:46:13'),
(854, 0, '/logout', 'undefined', '1_2023311121613_3526', 'F', 'Invalid Token', '2023-11-08 06:46:13', 'Y', '2023-11-08 06:46:13'),
(855, 0, '/login', 'undefined', '80044279_43979334', 'S', 'Success', '2023-11-08 07:05:53', 'Y', '2023-11-08 07:05:52'),
(856, 1, '/logout', 'undefined', '1_2023311123605_4792', 'S', 'Success', '2023-11-08 07:06:06', 'Y', '2023-11-08 07:06:05'),
(857, 0, '/login', 'undefined', '35671647_78300427', 'S', 'Success', '2023-11-08 07:06:19', 'Y', '2023-11-08 07:06:18'),
(858, 2, '/logout', 'undefined', '2_2023311123623_4245', 'S', 'Success', '2023-11-08 07:06:24', 'Y', '2023-11-08 07:06:23'),
(859, 0, '/logout', 'undefined', '1_2023311124823_4380', 'N', '-', '0000-00-00 00:00:00', 'Y', '2023-11-08 07:07:06'),
(860, 0, '/logout', 'undefined', '1_2023311124823_4380', 'F', 'Invalid Token', '2023-11-08 07:07:06', 'Y', '2023-11-08 07:07:06'),
(861, 0, '/login', 'undefined', '53547072_63152608', 'S', 'Success', '2023-11-08 07:08:33', 'Y', '2023-11-08 07:08:32'),
(862, 0, '/login', 'undefined', '97086917_12653428', 'S', 'Success', '2023-11-08 07:16:22', 'Y', '2023-11-08 07:16:22'),
(863, 0, '/logout', 'undefined', '1_2023311142817_9800', 'N', '-', '0000-00-00 00:00:00', 'Y', '2023-11-08 08:58:17'),
(864, 0, '/logout', 'undefined', '1_2023311142817_9800', 'F', 'Invalid Token', '2023-11-08 08:58:17', 'Y', '2023-11-08 08:58:17'),
(865, 1, '/logout', 'undefined', '1_2023311144259_5008', 'S', 'Success', '2023-11-08 09:01:42', 'Y', '2023-11-08 09:01:41'),
(866, 0, '/login', 'undefined', '48872033_81880277', 'S', 'Success', '2023-11-08 09:22:19', 'Y', '2023-11-08 09:22:19'),
(867, 1, '/logout', 'undefined', '1_2023311145427_1252', 'S', 'Success', '2023-11-08 09:24:28', 'Y', '2023-11-08 09:24:27'),
(868, 0, '/login', 'undefined', '36782248_69641539', 'S', 'Success', '2023-11-08 09:33:14', 'Y', '2023-11-08 09:33:14'),
(869, 1, '/sender_id/add_sender_id', 'undefined', '1_2023311151421_8846', 'S', 'Success', '2023-11-08 09:44:31', 'Y', '2023-11-08 09:44:21'),
(870, 1, '/sender_id/add_sender_id', 'undefined', '1_2023311151512_9452', 'N', '-', '0000-00-00 00:00:00', 'Y', '2023-11-08 09:45:12'),
(871, 0, '/login', 'undefined', '57119040_74152202', 'S', 'Success', '2023-11-08 09:54:31', 'Y', '2023-11-08 09:54:30'),
(872, 1, '/sender_id/add_sender_id', 'undefined', '1_2023311152500_1692', 'F', 'Mobile number already exists', '2023-11-08 09:55:00', 'Y', '2023-11-08 09:55:00'),
(873, 1, '/sender_id/add_sender_id', 'undefined', '1_2023311160146_5145', 'S', 'Success', '2023-11-08 10:31:56', 'Y', '2023-11-08 10:31:46'),
(874, 1, '/sender_id/add_sender_id', 'undefined', '1_2023311163607_7290', 'F', 'Mobile number already exists', '2023-11-08 11:06:07', 'Y', '2023-11-08 11:06:07'),
(875, 1, '/sender_id/add_sender_id', 'undefined', '1_2023311164010_5043', 'F', 'Mobile number already exists', '2023-11-08 11:10:10', 'Y', '2023-11-08 11:10:10'),
(876, 1, '/sender_id/add_sender_id', 'undefined', '1_2023311164412_9577', 'F', 'Mobile number already exists', '2023-11-08 11:14:13', 'Y', '2023-11-08 11:14:12'),
(877, 1, '/sender_id/add_sender_id', 'undefined', '1_2023311164557_4535', 'F', 'Mobile number already exists', '2023-11-08 11:15:57', 'Y', '2023-11-08 11:15:57'),
(878, 1, '/sender_id/add_sender_id', 'undefined', '1_2023311164809_3505', 'F', 'Mobile number already exists', '2023-11-08 11:18:09', 'Y', '2023-11-08 11:18:09'),
(879, 1, '/sender_id/add_sender_id', 'undefined', '1_2023311164823_7637', 'F', 'Mobile number already exists', '2023-11-08 11:18:23', 'Y', '2023-11-08 11:18:23'),
(880, 1, '/sender_id/add_sender_id', 'undefined', '1_2023311164912_8059', 'F', 'Mobile number already exists', '2023-11-08 11:19:12', 'Y', '2023-11-08 11:19:12'),
(881, 1, '/sender_id/add_sender_id', 'undefined', '1_2023311165916_2062', 'S', 'Success', '2023-11-08 11:29:26', 'Y', '2023-11-08 11:29:16'),
(882, 1, '/sender_id/add_sender_id', 'undefined', '1_2023311170116_9006', 'F', 'Mobile number already exists', '2023-11-08 11:31:16', 'Y', '2023-11-08 11:31:16'),
(883, 1, '/sender_id/add_sender_id', 'undefined', '1_2023311181412_9201', 'F', 'Mobile number already exists', '2023-11-08 12:44:12', 'Y', '2023-11-08 12:44:12'),
(884, 1, '/sender_id/add_sender_id', 'undefined', '1_2023311181612_9526', 'F', 'Mobile number already exists', '2023-11-08 12:46:12', 'Y', '2023-11-08 12:46:12'),
(885, 1, '/sender_id/add_sender_id', 'undefined', '1_2023311181704_8681', 'F', 'Mobile number already exists', '2023-11-08 12:47:04', 'Y', '2023-11-08 12:47:04'),
(886, 1, '/sender_id/add_sender_id', 'undefined', '1_2023311181750_4232', 'F', 'Mobile number already exists', '2023-11-08 12:47:50', 'Y', '2023-11-08 12:47:50'),
(887, 1, '/sender_id/add_sender_id', 'undefined', '1_2023311181950_3182', 'F', 'Mobile number already exists', '2023-11-08 12:49:50', 'Y', '2023-11-08 12:49:50'),
(888, 1, '/sender_id/add_sender_id', 'undefined', '1_2023311182016_9050', 'F', 'Mobile number already exists', '2023-11-08 12:50:16', 'Y', '2023-11-08 12:50:16'),
(889, 1, '/sender_id/add_sender_id', 'undefined', '1_2023311182205_6934', 'S', 'Success', '2023-11-08 12:52:15', 'Y', '2023-11-08 12:52:05'),
(890, 1, '/sender_id/add_sender_id', 'undefined', '1_2023311182405_7278', 'F', 'Mobile number already exists', '2023-11-08 12:54:05', 'Y', '2023-11-08 12:54:05'),
(891, 1, '/sender_id/add_sender_id', 'undefined', '1_2023311183334_6709', 'S', 'Success', '2023-11-08 13:03:45', 'Y', '2023-11-08 13:03:34'),
(892, 0, '/login', 'undefined', '73197982_87450260', 'S', 'Success', '2023-11-08 13:25:07', 'Y', '2023-11-08 13:25:07'),
(893, 1, '/sender_id/add_sender_id', 'undefined', '1_2023311185947_7341', 'S', 'Success', '2023-11-08 13:29:57', 'Y', '2023-11-08 13:29:47'),
(894, 0, '/plan/user_plans_purchase', 'undefined', '1_2023311190403_7724', 'S', 'Success', '2023-11-08 13:34:03', 'Y', '2023-11-08 13:34:03'),
(895, 0, '/sender_id/add_sender_id', 'undefined', '1_2023311190954_6287', 'N', '-', '0000-00-00 00:00:00', 'Y', '2023-11-08 13:39:54'),
(896, 0, '/sender_id/add_sender_id', 'undefined', '1_2023311190954_6287', 'F', 'Invalid token or User ID', '2023-11-08 13:39:54', 'Y', '2023-11-08 13:39:54'),
(897, 1, '/logout', 'undefined', '1_2023311192508_2145', 'S', 'Success', '2023-11-08 13:55:08', 'Y', '2023-11-08 13:55:08');

-- --------------------------------------------------------

--
-- Table structure for table `group_contacts`
--

CREATE TABLE IF NOT EXISTS `group_contacts` (
  `group_contacts_id` int NOT NULL,
  `user_id` int NOT NULL,
  `group_master_id` int NOT NULL,
  `campaign_name` varchar(30) NOT NULL,
  `mobile_no` varchar(30) CHARACTER SET utf8 COLLATE utf8_general_ci NOT NULL,
  `mobile_id` varchar(30) DEFAULT NULL,
  `comments` varchar(50) NOT NULL,
  `group_contacts_status` char(1) CHARACTER SET utf8 COLLATE utf8_general_ci NOT NULL,
  `group_contacts_entry_date` timestamp NOT NULL DEFAULT '0000-00-00 00:00:00'
) ENGINE=InnoDB AUTO_INCREMENT=31 DEFAULT CHARSET=utf8mb3 ROW_FORMAT=COMPACT;

--
-- Dumping data for table `group_contacts`
--

INSERT INTO `group_contacts` (`group_contacts_id`, `user_id`, `group_master_id`, `campaign_name`, `mobile_no`, `mobile_id`, `comments`, `group_contacts_status`, `group_contacts_entry_date`) VALUES
(4, 2, 2, 'ca_testing_189_4', 'Arun Sir', 'Arun Sir', '', 'Y', '2023-07-08 11:28:29'),
(8, 1, 5, 'ca_test_group_309_8', '919363113380', 'yjtec23_919363113380', '', 'F', '2023-11-05 10:51:43'),
(9, 1, 6, 'ca_test10_group_309_9', 'yjtec23_919363113380', 'yjtec23_919363113380', '', 'Y', '2023-11-05 13:34:43'),
(10, 1, 7, 'ca_sample_grp_309_10', 'yjtec23_919363113380', 'yjtec23_919363113380', '', 'Y', '2023-11-05 13:55:27'),
(11, 1, 7, 'ca_sample_grp_309_11', 'yjtec23_919445603329', 'yjtec23_919445603329', '', 'Y', '2023-11-05 14:29:49'),
(12, 1, 7, 'ca_sample_grp_309_11', 'yjtec23_919445603328', 'yjtec23_919445603328', '', 'Y', '2023-11-05 14:29:49'),
(13, 1, 9, 'ca_hello_group_310_13', '919361419661', '919361419661', '', 'Y', '2023-11-07 14:44:11'),
(14, 1, 9, 'ca_hello_group_310_13', '919363113380', '919363113380', '', 'Y', '2023-11-07 14:44:11'),
(15, 1, 9, 'ca_hello_group_311_15', '919445603329', '919445603329', '', 'Y', '2023-11-07 05:17:43'),
(16, 1, 9, 'ca_hello_group_311_15', '919363113388', '919363113388', '', 'F', '2023-11-07 05:17:43'),
(17, 1, 9, 'ca_hello_group_311_51', '919363113389', '919363113389', '', 'F', '2023-11-07 05:27:13'),
(18, 1, 9, 'ca_hello_group_311_51', '919894606748', '919894606748', '', 'Y', '2023-11-07 05:27:13'),
(19, 1, 9, 'ca_hello_group_311_11', '918838964597', '918838964597', '', 'Y', '2023-11-07 05:40:59'),
(20, 1, 9, 'ca_hello_group_311_11', '917092362325', '917092362325', '', 'F', '2023-11-07 05:40:59'),
(21, 1, 10, 'ca_testing from web_311_111', '918838964597', '918838964597', '', 'Y', '2023-11-07 06:05:57'),
(22, 1, 10, 'ca_testing from web_311_111', '917092362325', '917092362325', '', 'F', '2023-11-07 06:05:58'),
(23, 1, 10, 'ca_testing from web_311_1111', '919361419661', '919361419661', '', 'Y', '2023-11-07 10:26:40'),
(24, 1, 10, 'ca_testing from web_311_1111', '918838964597', '918838964597', '', 'Y', '2023-11-07 10:26:40'),
(25, 1, 10, 'ca_testing from web_311_11111', '919363113380', '919363113380', 'Success', 'Y', '2023-11-07 13:06:00'),
(26, 1, 10, 'ca_testing from web_311_11111', '918838964597', '918838964597', 'Mobile number already in the group', 'F', '2023-11-07 13:06:00'),
(27, 1, 11, 'ca_Test_311_12', '918838964597', '918838964597', 'Success', 'Y', '2023-11-07 14:45:33'),
(28, 1, 11, 'ca_Test_311_12', '919344145033', '919344145033', 'Success', 'Y', '2023-11-07 14:45:34'),
(29, 1, 11, 'ca_Test_311_13', '916380885546', '916380885546', 'Success', 'Y', '2023-11-07 14:53:45'),
(30, 1, 11, 'ca_Test_311_14', '919894850704', '919894850704', 'Success', 'Y', '2023-11-07 14:56:54');

-- --------------------------------------------------------

--
-- Table structure for table `group_master`
--

CREATE TABLE IF NOT EXISTS `group_master` (
  `group_master_id` int NOT NULL,
  `user_id` int NOT NULL,
  `sender_master_id` int NOT NULL,
  `group_name` varchar(250) NOT NULL,
  `total_count` int NOT NULL,
  `success_count` int DEFAULT NULL,
  `failure_count` int DEFAULT NULL,
  `is_created_by_api` char(1) NOT NULL,
  `group_master_status` char(1) CHARACTER SET utf8 COLLATE utf8_general_ci NOT NULL,
  `group_master_entdate` timestamp NOT NULL DEFAULT '0000-00-00 00:00:00'
) ENGINE=InnoDB AUTO_INCREMENT=12 DEFAULT CHARSET=utf8mb3 ROW_FORMAT=COMPACT;

--
-- Dumping data for table `group_master`
--

INSERT INTO `group_master` (`group_master_id`, `user_id`, `sender_master_id`, `group_name`, `total_count`, `success_count`, `failure_count`, `is_created_by_api`, `group_master_status`, `group_master_entdate`) VALUES
(1, 1, 4, 'YeeJai Technologies', 3, 2, 1, 'Y', 'N', '2023-07-15 06:31:40'),
(2, 2, 10, 'testing', 1, 1, 0, 'Y', 'Y', '2023-07-08 11:27:06'),
(4, 1, 14, 'hello_test', 1, 1, 0, 'Y', 'Y', '2023-11-05 10:41:47'),
(5, 1, 14, 'test_group', 1, 1, 0, 'Y', 'Y', '2023-11-05 10:51:42'),
(6, 1, 14, 'test10_group', 1, 1, 0, 'Y', 'Y', '2023-11-05 13:33:01'),
(7, 1, 14, 'sample_grp', 2, 2, 0, 'Y', 'Y', '2023-11-05 13:55:27'),
(9, 1, 14, 'hello_group', 8, 5, 3, 'Y', 'Y', '2023-11-07 05:17:43'),
(10, 1, 14, 'testing from web', 6, 4, 2, 'N', 'Y', '2023-11-07 06:05:57'),
(11, 1, 17, 'Test', 4, 4, 0, 'Y', 'Y', '2023-11-07 14:45:33');

-- --------------------------------------------------------

--
-- Table structure for table `master_countries`
--

CREATE TABLE IF NOT EXISTS `master_countries` (
  `id` int NOT NULL,
  `shortname` varchar(3) NOT NULL,
  `name` varchar(150) NOT NULL,
  `phonecode` int NOT NULL
) ENGINE=InnoDB AUTO_INCREMENT=249 DEFAULT CHARSET=utf8mb3;

--
-- Dumping data for table `master_countries`
--

INSERT INTO `master_countries` (`id`, `shortname`, `name`, `phonecode`) VALUES
(1, 'AF', 'Afghanistan', 93),
(2, 'AL', 'Albania', 355),
(3, 'DZ', 'Algeria', 213),
(4, 'AS', 'American Samoa', 1684),
(5, 'AD', 'Andorra', 376),
(6, 'AO', 'Angola', 244),
(7, 'AI', 'Anguilla', 1264),
(8, 'AQ', 'Antarctica', 0),
(9, 'AG', 'Antigua And Barbuda', 1268),
(10, 'AR', 'Argentina', 54),
(11, 'AM', 'Armenia', 374),
(12, 'AW', 'Aruba', 297),
(13, 'AU', 'Australia', 61),
(14, 'AT', 'Austria', 43),
(15, 'AZ', 'Azerbaijan', 994),
(16, 'BS', 'Bahamas The', 1242),
(17, 'BH', 'Bahrain', 973),
(18, 'BD', 'Bangladesh', 880),
(19, 'BB', 'Barbados', 1246),
(20, 'BY', 'Belarus', 375),
(21, 'BE', 'Belgium', 32),
(22, 'BZ', 'Belize', 501),
(23, 'BJ', 'Benin', 229),
(24, 'BM', 'Bermuda', 1441),
(25, 'BT', 'Bhutan', 975),
(26, 'BO', 'Bolivia', 591),
(27, 'BA', 'Bosnia and Herzegovina', 387),
(28, 'BW', 'Botswana', 267),
(29, 'BV', 'Bouvet Island', 0),
(30, 'BR', 'Brazil', 55),
(31, 'IO', 'British Indian Ocean Territory', 246),
(32, 'BN', 'Brunei', 673),
(33, 'BG', 'Bulgaria', 359),
(34, 'BF', 'Burkina Faso', 226),
(35, 'BI', 'Burundi', 257),
(36, 'KH', 'Cambodia', 855),
(37, 'CM', 'Cameroon', 237),
(38, 'CA', 'Canada', 1),
(39, 'CV', 'Cape Verde', 238),
(40, 'KY', 'Cayman Islands', 1345),
(41, 'CF', 'Central African Republic', 236),
(42, 'TD', 'Chad', 235),
(43, 'CL', 'Chile', 56),
(44, 'CN', 'China', 86),
(45, 'CX', 'Christmas Island', 61),
(46, 'CC', 'Cocos (Keeling) Islands', 672),
(47, 'CO', 'Colombia', 57),
(48, 'KM', 'Comoros', 269),
(49, 'CG', 'Republic Of The Congo', 242),
(50, 'CD', 'Democratic Republic Of The Congo', 242),
(51, 'CK', 'Cook Islands', 682),
(52, 'CR', 'Costa Rica', 506),
(53, 'CI', 'Cote D''Ivoire (Ivory Coast)', 225),
(54, 'HR', 'Croatia (Hrvatska)', 385),
(55, 'CU', 'Cuba', 53),
(56, 'CY', 'Cyprus', 357),
(57, 'CZ', 'Czech Republic', 420),
(58, 'DK', 'Denmark', 45),
(59, 'DJ', 'Djibouti', 253),
(60, 'DM', 'Dominica', 1767),
(61, 'DO', 'Dominican Republic', 1809),
(62, 'TP', 'East Timor', 670),
(63, 'EC', 'Ecuador', 593),
(64, 'EG', 'Egypt', 20),
(65, 'SV', 'El Salvador', 503),
(66, 'GQ', 'Equatorial Guinea', 240),
(67, 'ER', 'Eritrea', 291),
(68, 'EE', 'Estonia', 372),
(69, 'ET', 'Ethiopia', 251),
(70, 'XA', 'External Territories of Australia', 61),
(71, 'FK', 'Falkland Islands', 500),
(72, 'FO', 'Faroe Islands', 298),
(73, 'FJ', 'Fiji Islands', 679),
(74, 'FI', 'Finland', 358),
(75, 'FR', 'France', 33),
(76, 'GF', 'French Guiana', 594),
(77, 'PF', 'French Polynesia', 689),
(78, 'TF', 'French Southern Territories', 0),
(79, 'GA', 'Gabon', 241),
(80, 'GM', 'Gambia The', 220),
(81, 'GE', 'Georgia', 995),
(82, 'DE', 'Germany', 49),
(83, 'GH', 'Ghana', 233),
(84, 'GI', 'Gibraltar', 350),
(85, 'GR', 'Greece', 30),
(86, 'GL', 'Greenland', 299),
(87, 'GD', 'Grenada', 1473),
(88, 'GP', 'Guadeloupe', 590),
(89, 'GU', 'Guam', 1671),
(90, 'GT', 'Guatemala', 502),
(91, 'XU', 'Guernsey and Alderney', 44),
(92, 'GN', 'Guinea', 224),
(93, 'GW', 'Guinea-Bissau', 245),
(94, 'GY', 'Guyana', 592),
(95, 'HT', 'Haiti', 509),
(96, 'HM', 'Heard and McDonald Islands', 0),
(97, 'HN', 'Honduras', 504),
(98, 'HK', 'Hong Kong S.A.R.', 852),
(99, 'HU', 'Hungary', 36),
(100, 'IS', 'Iceland', 354),
(101, 'IN', 'India', 91),
(102, 'ID', 'Indonesia', 62),
(103, 'IR', 'Iran', 98),
(104, 'IQ', 'Iraq', 964),
(105, 'IE', 'Ireland', 353),
(106, 'IL', 'Israel', 972),
(107, 'IT', 'Italy', 39),
(108, 'JM', 'Jamaica', 1876),
(109, 'JP', 'Japan', 81),
(110, 'XJ', 'Jersey', 44),
(111, 'JO', 'Jordan', 962),
(112, 'KZ', 'Kazakhstan', 7),
(113, 'KE', 'Kenya', 254),
(114, 'KI', 'Kiribati', 686),
(115, 'KP', 'Korea North', 850),
(116, 'KR', 'Korea South', 82),
(117, 'KW', 'Kuwait', 965),
(118, 'KG', 'Kyrgyzstan', 996),
(119, 'LA', 'Laos', 856),
(120, 'LV', 'Latvia', 371),
(121, 'LB', 'Lebanon', 961),
(122, 'LS', 'Lesotho', 266),
(123, 'LR', 'Liberia', 231),
(124, 'LY', 'Libya', 218),
(125, 'LI', 'Liechtenstein', 423),
(126, 'LT', 'Lithuania', 370),
(127, 'LU', 'Luxembourg', 352),
(128, 'MO', 'Macau S.A.R.', 853),
(129, 'MK', 'Macedonia', 389),
(130, 'MG', 'Madagascar', 261),
(131, 'MW', 'Malawi', 265),
(132, 'MY', 'Malaysia', 60),
(133, 'MV', 'Maldives', 960),
(134, 'ML', 'Mali', 223),
(135, 'MT', 'Malta', 356),
(136, 'XM', 'Man (Isle of)', 44),
(137, 'MH', 'Marshall Islands', 692),
(138, 'MQ', 'Martinique', 596),
(139, 'MR', 'Mauritania', 222),
(140, 'MU', 'Mauritius', 230),
(141, 'YT', 'Mayotte', 269),
(142, 'MX', 'Mexico', 52),
(143, 'FM', 'Micronesia', 691),
(144, 'MD', 'Moldova', 373),
(145, 'MC', 'Monaco', 377),
(146, 'MN', 'Mongolia', 976),
(147, 'MS', 'Montserrat', 1664),
(148, 'MA', 'Morocco', 212),
(149, 'MZ', 'Mozambique', 258),
(150, 'MM', 'Myanmar', 95),
(151, 'NA', 'Namibia', 264),
(152, 'NR', 'Nauru', 674),
(153, 'NP', 'Nepal', 977),
(154, 'AN', 'Netherlands Antilles', 599),
(155, 'NL', 'Netherlands The', 31),
(156, 'NC', 'New Caledonia', 687),
(157, 'NZ', 'New Zealand', 64),
(158, 'NI', 'Nicaragua', 505),
(159, 'NE', 'Niger', 227),
(160, 'NG', 'Nigeria', 234),
(161, 'NU', 'Niue', 683),
(162, 'NF', 'Norfolk Island', 672),
(163, 'MP', 'Northern Mariana Islands', 1670),
(164, 'NO', 'Norway', 47),
(165, 'OM', 'Oman', 968),
(166, 'PK', 'Pakistan', 92),
(167, 'PW', 'Palau', 680),
(168, 'PS', 'Palestinian Territory Occupied', 970),
(169, 'PA', 'Panama', 507),
(170, 'PG', 'Papua new Guinea', 675),
(171, 'PY', 'Paraguay', 595),
(172, 'PE', 'Peru', 51),
(173, 'PH', 'Philippines', 63),
(174, 'PN', 'Pitcairn Island', 0),
(175, 'PL', 'Poland', 48),
(176, 'PT', 'Portugal', 351),
(177, 'PR', 'Puerto Rico', 1787),
(178, 'QA', 'Qatar', 974),
(179, 'RE', 'Reunion', 262),
(180, 'RO', 'Romania', 40),
(181, 'RU', 'Russia', 70),
(182, 'RW', 'Rwanda', 250),
(183, 'SH', 'Saint Helena', 290),
(184, 'KN', 'Saint Kitts And Nevis', 1869),
(185, 'LC', 'Saint Lucia', 1758),
(186, 'PM', 'Saint Pierre and Miquelon', 508),
(187, 'VC', 'Saint Vincent And The Grenadines', 1784),
(188, 'WS', 'Samoa', 684),
(189, 'SM', 'San Marino', 378),
(190, 'ST', 'Sao Tome and Principe', 239),
(191, 'SA', 'Saudi Arabia', 966),
(192, 'SN', 'Senegal', 221),
(193, 'RS', 'Serbia', 381),
(194, 'SC', 'Seychelles', 248),
(195, 'SL', 'Sierra Leone', 232),
(196, 'SG', 'Singapore', 65),
(197, 'SK', 'Slovakia', 421),
(198, 'SI', 'Slovenia', 386),
(199, 'XG', 'Smaller Territories of the UK', 44),
(200, 'SB', 'Solomon Islands', 677),
(201, 'SO', 'Somalia', 252),
(202, 'ZA', 'South Africa', 27),
(203, 'GS', 'South Georgia', 0),
(204, 'SS', 'South Sudan', 211),
(205, 'ES', 'Spain', 34),
(206, 'LK', 'Sri Lanka', 94),
(207, 'SD', 'Sudan', 249),
(208, 'SR', 'Suriname', 597),
(209, 'SJ', 'Svalbard And Jan Mayen Islands', 47),
(210, 'SZ', 'Swaziland', 268),
(211, 'SE', 'Sweden', 46),
(212, 'CH', 'Switzerland', 41),
(213, 'SY', 'Syria', 963),
(214, 'TW', 'Taiwan', 886),
(215, 'TJ', 'Tajikistan', 992),
(216, 'TZ', 'Tanzania', 255),
(217, 'TH', 'Thailand', 66),
(218, 'TG', 'Togo', 228),
(219, 'TK', 'Tokelau', 690),
(220, 'TO', 'Tonga', 676),
(221, 'TT', 'Trinidad And Tobago', 1868),
(222, 'TN', 'Tunisia', 216),
(223, 'TR', 'Turkey', 90),
(224, 'TM', 'Turkmenistan', 7370),
(225, 'TC', 'Turks And Caicos Islands', 1649),
(226, 'TV', 'Tuvalu', 688),
(227, 'UG', 'Uganda', 256),
(228, 'UA', 'Ukraine', 380),
(229, 'AE', 'United Arab Emirates', 971),
(230, 'GB', 'United Kingdom', 44),
(231, 'US', 'United States', 1),
(232, 'UM', 'United States Minor Outlying Islands', 1),
(233, 'UY', 'Uruguay', 598),
(234, 'UZ', 'Uzbekistan', 998),
(235, 'VU', 'Vanuatu', 678),
(236, 'VA', 'Vatican City State (Holy See)', 39),
(237, 'VE', 'Venezuela', 58),
(238, 'VN', 'Vietnam', 84),
(239, 'VG', 'Virgin Islands (British)', 1284),
(240, 'VI', 'Virgin Islands (US)', 1340),
(241, 'WF', 'Wallis And Futuna Islands', 681),
(242, 'EH', 'Western Sahara', 212),
(243, 'YE', 'Yemen', 967),
(244, 'YU', 'Yugoslavia', 38),
(245, 'ZM', 'Zambia', 260),
(246, 'ZW', 'Zimbabwe', 263);

-- --------------------------------------------------------

--
-- Table structure for table `master_language`
--

CREATE TABLE IF NOT EXISTS `master_language` (
  `language_id` int NOT NULL,
  `language_name` varchar(20) NOT NULL,
  `language_code` varchar(10) CHARACTER SET utf8 COLLATE utf8_general_ci NOT NULL,
  `language_status` char(1) NOT NULL,
  `language_entdate` timestamp NOT NULL DEFAULT '0000-00-00 00:00:00'
) ENGINE=InnoDB AUTO_INCREMENT=16 DEFAULT CHARSET=utf8mb3;

--
-- Dumping data for table `master_language`
--

INSERT INTO `master_language` (`language_id`, `language_name`, `language_code`, `language_status`, `language_entdate`) VALUES
(1, 'English (US)', 'en_US', 'Y', '2023-03-01 07:54:15'),
(2, 'English (UK)', 'en_GB', 'Y', '2023-03-01 07:54:15'),
(3, 'Hindi', 'hi', 'Y', '2023-03-01 07:54:15'),
(4, 'Kannada', 'kn', 'Y', '2023-03-01 07:54:15'),
(5, 'Malayalam', 'ml', 'Y', '2023-03-01 07:54:15'),
(6, 'Tamil', 'ta', 'Y', '2023-03-01 07:54:15'),
(7, 'Telugu', 'te', 'Y', '2023-03-01 07:54:15'),
(8, 'Urdu', 'ur', 'Y', '2023-03-01 07:54:15'),
(9, 'Indonesian', 'id', 'N', '2023-03-01 22:14:10'),
(10, 'Spanish (ARG)', 'es_AR ', 'N', '2023-03-01 22:14:10'),
(11, 'Spanish', 'es', 'N', '2023-03-01 22:14:10'),
(12, 'Spanish (SPA)', 'es_ES', 'N', '2023-03-01 22:14:10'),
(13, 'Spanish (MEX)', 'es_MX', 'N', '2023-03-01 22:14:10'),
(14, 'Portuguese (BR)', 'pt_BR', 'N', '2023-03-01 22:14:10'),
(15, 'Portuguese (POR)', 'pt_PT', 'N', '2023-03-01 22:14:10');

-- --------------------------------------------------------

--
-- Table structure for table `messenger_response`
--

CREATE TABLE IF NOT EXISTS `messenger_response` (
  `message_id` int NOT NULL,
  `user_id` int NOT NULL,
  `message_to` varchar(20) CHARACTER SET utf8 COLLATE utf8_general_ci NOT NULL,
  `message_from` varchar(20) CHARACTER SET utf8 COLLATE utf8_general_ci NOT NULL,
  `message_from_profile` varchar(50) NOT NULL,
  `message_resp_id` varchar(100) NOT NULL,
  `message_type` varchar(20) NOT NULL,
  `message_data` longtext NOT NULL,
  `msg_text` varchar(300) CHARACTER SET utf8 COLLATE utf8_general_ci DEFAULT NULL,
  `msg_media` varchar(50) DEFAULT NULL,
  `msg_media_type` varchar(30) CHARACTER SET utf8 COLLATE utf8_general_ci DEFAULT NULL,
  `msg_media_caption` varchar(50) CHARACTER SET utf8 COLLATE utf8_general_ci DEFAULT NULL,
  `msg_reply_button` varchar(30) DEFAULT NULL,
  `msg_reaction` varchar(10) DEFAULT NULL,
  `msg_list` longtext CHARACTER SET utf8 COLLATE utf8_general_ci,
  `message_is_read` char(1) DEFAULT 'N',
  `message_status` char(1) NOT NULL,
  `message_rec_date` timestamp NOT NULL DEFAULT '0000-00-00 00:00:00',
  `message_read_date` timestamp NOT NULL DEFAULT '0000-00-00 00:00:00'
) ENGINE=InnoDB DEFAULT CHARSET=utf8mb3 ROW_FORMAT=COMPACT;

-- --------------------------------------------------------

--
-- Table structure for table `payment_history_log`
--

CREATE TABLE IF NOT EXISTS `payment_history_log` (
  `payment_history_logid` int NOT NULL,
  `user_id` int NOT NULL,
  `user_plans_id` int NOT NULL,
  `plan_master_id` int NOT NULL,
  `plan_amount` int NOT NULL,
  `payment_status` char(1) NOT NULL,
  `plan_comments` varchar(300) CHARACTER SET utf8 COLLATE utf8_general_ci DEFAULT NULL,
  `payment_history_logstatus` char(1) CHARACTER SET utf8 COLLATE utf8_general_ci NOT NULL,
  `payment_history_log_date` timestamp NOT NULL DEFAULT '0000-00-00 00:00:00'
) ENGINE=InnoDB AUTO_INCREMENT=27 DEFAULT CHARSET=utf8mb3;

--
-- Dumping data for table `payment_history_log`
--

INSERT INTO `payment_history_log` (`payment_history_logid`, `user_id`, `user_plans_id`, `plan_master_id`, `plan_amount`, `payment_status`, `plan_comments`, `payment_history_logstatus`, `payment_history_log_date`) VALUES
(1, 1, 15, 1, 100, 'W', 'NULL', 'Y', '2023-10-11 06:55:48'),
(2, 1, 16, 1, 100, 'W', 'NULL', 'Y', '2023-10-11 07:00:15'),
(3, 1, 17, 2, 1100, 'W', 'NULL', 'Y', '2023-10-11 07:04:46'),
(4, 1, 18, 1, 100, 'W', 'NULL', 'Y', '2023-10-11 07:07:07'),
(5, 1, 19, 2, 1100, 'W', 'NULL', 'Y', '2023-10-11 07:09:32'),
(6, 1, 20, 1, 100, 'W', 'NULL', 'Y', '2023-10-11 07:18:48'),
(7, 1, 21, 1, 100, 'W', 'NULL', 'Y', '2023-10-11 07:20:28'),
(8, 1, 22, 1, 100, 'W', 'NULL', 'Y', '2023-10-11 07:24:04'),
(9, 1, 23, 1, 100, 'W', 'NULL', 'Y', '2023-10-11 07:26:21'),
(10, 1, 24, 2, 1100, 'W', 'NULL', 'Y', '2023-10-11 07:27:40'),
(11, 1, 25, 2, 1100, 'W', 'NULL', 'Y', '2023-10-11 07:34:25'),
(12, 1, 26, 2, 1100, 'W', 'NULL', 'Y', '2023-10-11 07:36:57'),
(13, 1, 27, 1, 100, 'W', 'NULL', 'Y', '2023-10-11 07:40:10'),
(14, 1, 28, 2, 1100, 'W', 'NULL', 'Y', '2023-10-11 07:41:54'),
(15, 1, 29, 2, 1100, 'W', 'NULL', 'Y', '2023-10-11 07:48:16'),
(16, 1, 30, 1, 100, 'W', 'NULL', 'Y', '2023-10-11 07:48:59'),
(17, 1, 31, 1, 100, 'W', 'NULL', 'Y', '2023-10-11 07:49:54'),
(18, 1, 32, 1, 100, 'W', 'NULL', 'Y', '2023-10-11 07:55:40'),
(19, 1, 33, 1, 100, 'W', 'NULL', 'Y', '2023-10-11 08:01:57'),
(20, 1, 34, 1, 100, 'W', 'NULL', 'Y', '2023-10-11 08:03:24'),
(21, 1, 35, 1, 100, 'A', 'msg:Payment successfully credited, status:true, productCode:1, paymentID:pay_MmqD4Cd8EPSh4t, userEmailsuper_admin@gmail.com', 'Y', '2023-10-11 08:48:57'),
(22, 1, 36, 2, 1100, 'A', 'msg:Payment successfully credited, status:true, productCode:1, paymentID:pay_MmrUNy9voEnVyT, userEmailsuper_admin@gmail.com', 'Y', '2023-10-11 08:50:08'),
(23, 1, 37, 1, 100, 'A', 'msg:Payment successfully credited, status:true, productCode:1, paymentID:pay_MnAU8zjLOKhxU5, userEmailsuper_admin@gmail.com', 'Y', '2023-10-12 04:35:49'),
(24, 1, 38, 1, 100, 'W', 'NULL', 'Y', '2023-10-12 05:27:23'),
(25, 1, 39, 1, 100, 'A', 'msg:Payment successfully credited, status:true, productCode:1, paymentID:pay_MnBK9GHY8t9mwp, userEmailsuper_admin@gmail.com', 'Y', '2023-10-12 05:28:02'),
(26, 1, 40, 1, 100, 'A', 'msg:Payment successfully credited, status:true, productCode:1, paymentID:pay_MnBOEPs9gHj7y8, userEmailsuper_admin@gmail.com', 'Y', '2023-10-12 05:31:56'),
(27, 1, 42, 1, 100, 'A', 'msg:Payment successfully credited, status:true, productCode:1, paymentID:pay_My01qMnS9lv01j, userEmailsuper_admin@gmail.com', 'Y', '2023-11-08 13:34:03');

-- --------------------------------------------------------

--
-- Table structure for table `plan_master`
--

CREATE TABLE IF NOT EXISTS `plan_master` (
  `plan_master_id` int NOT NULL,
  `user_id` int NOT NULL,
  `plan_title` varchar(20) NOT NULL,
  `annual_monthly` char(1) NOT NULL,
  `whatsapp_no_min_count` int NOT NULL,
  `whatsapp_no_max_count` int NOT NULL,
  `group_no_min_count` int NOT NULL,
  `group_no_max_count` int NOT NULL,
  `plan_price` int NOT NULL,
  `message_limit` int DEFAULT NULL,
  `plan_status` char(1) NOT NULL,
  `plan_entry_date` timestamp NOT NULL DEFAULT '0000-00-00 00:00:00'
) ENGINE=InnoDB AUTO_INCREMENT=3 DEFAULT CHARSET=utf8mb3;

--
-- Dumping data for table `plan_master`
--

INSERT INTO `plan_master` (`plan_master_id`, `user_id`, `plan_title`, `annual_monthly`, `whatsapp_no_min_count`, `whatsapp_no_max_count`, `group_no_min_count`, `group_no_max_count`, `plan_price`, `message_limit`, `plan_status`, `plan_entry_date`) VALUES
(1, 1, 'SILVER', 'M', 0, 10, 0, 6, 100, 500, 'Y', '2023-10-03 05:56:24'),
(2, 1, 'SILVER', 'A', 0, 10, 0, 5, 1100, 6000, 'Y', '2023-10-03 05:56:24');

-- --------------------------------------------------------

--
-- Table structure for table `senderid_master`
--

CREATE TABLE IF NOT EXISTS `senderid_master` (
  `sender_master_id` int NOT NULL,
  `user_id` int NOT NULL,
  `mobile_no` varchar(15) NOT NULL,
  `profile_name` varchar(25) DEFAULT NULL,
  `profile_image` varchar(100) DEFAULT NULL,
  `senderid_master_status` char(1) CHARACTER SET utf8 COLLATE utf8_general_ci NOT NULL,
  `senderid_master_entdate` timestamp NOT NULL DEFAULT '0000-00-00 00:00:00',
  `senderid_master_apprdate` timestamp NULL DEFAULT '0000-00-00 00:00:00'
) ENGINE=InnoDB AUTO_INCREMENT=18 DEFAULT CHARSET=utf8mb3 ROW_FORMAT=COMPACT;

--
-- Dumping data for table `senderid_master`
--

INSERT INTO `senderid_master` (`sender_master_id`, `user_id`, `mobile_no`, `profile_name`, `profile_image`, `senderid_master_status`, `senderid_master_entdate`, `senderid_master_apprdate`) VALUES
(1, 1, '918610110464', NULL, NULL, 'D', '2023-03-01 03:07:51', '2023-03-01 08:08:13'),
(2, 1, '919345450984', NULL, NULL, 'D', '2023-03-01 03:08:32', '2023-03-02 11:08:32'),
(4, 1, '919025181189', NULL, NULL, 'D', '2023-07-05 12:13:20', '0000-00-00 00:00:00'),
(5, 1, '919894606748', NULL, NULL, 'D', '2023-07-06 12:07:07', '0000-00-00 00:00:00'),
(6, 1, '919894606748', NULL, NULL, 'D', '2023-07-06 12:47:14', '0000-00-00 00:00:00'),
(7, 1, '919894606748', NULL, NULL, 'D', '2023-07-07 10:25:02', '0000-00-00 00:00:00'),
(10, 2, '916380885545', NULL, NULL, 'X', '2023-07-08 05:07:56', '0000-00-00 00:00:00'),
(11, 2, '916380885544', NULL, NULL, 'X', '2023-07-26 04:40:59', '0000-00-00 00:00:00'),
(12, 2, '916380885547', NULL, NULL, 'X', '2023-07-26 05:36:53', '0000-00-00 00:00:00'),
(14, 1, '916380885546', 'SHan', 'https://yjtec.in/whatsapp_service/uploads/whatsapp_images/2_16111932.jpg', 'Y', '2023-11-05 14:08:13', '0000-00-00 00:00:00'),
(15, 1, '918838964597', 'Social media', '1_1697202369105.png', 'D', '2023-10-13 12:55:36', '0000-00-00 00:00:00'),
(17, 1, '918567964597', 'Testing', '1_1699367453092.jpg', 'Y', '2023-11-07 14:31:01', '0000-00-00 00:00:00'),
(19, 1, '918838964598', 'TEST', '1_1699442956631.jpg', 'Y', '2023-11-08 11:29:26', '0000-00-00 00:00:00'),
(20, 1, '918838964597', 'Demo', '1_1699448614458.jpg', 'N', '2023-11-08 13:03:45', '0000-00-00 00:00:00');

-- --------------------------------------------------------

--
-- Table structure for table `summary_report`
--

CREATE TABLE IF NOT EXISTS `summary_report` (
  `summary_report_id` int NOT NULL,
  `user_id` int NOT NULL,
  `campaign_date` date NOT NULL,
  `campaign_count` int NOT NULL,
  `success_count` int DEFAULT NULL,
  `failure_count` int DEFAULT NULL,
  `inprogress_count` int DEFAULT NULL,
  `summary_report_status` char(1) NOT NULL,
  `summary_report_entdate` timestamp NOT NULL DEFAULT '0000-00-00 00:00:00'
) ENGINE=InnoDB DEFAULT CHARSET=utf8mb3;

-- --------------------------------------------------------

--
-- Table structure for table `template_master`
--

CREATE TABLE IF NOT EXISTS `template_master` (
  `template_master_id` int NOT NULL,
  `sender_master_id` int NOT NULL,
  `user_id` int NOT NULL,
  `unique_template_id` varchar(30) NOT NULL,
  `template_name` varchar(50) NOT NULL,
  `language_id` int NOT NULL,
  `template_category` varchar(30) NOT NULL,
  `template_message` longtext NOT NULL,
  `template_status` char(1) NOT NULL,
  `template_entry_date` timestamp NOT NULL DEFAULT '0000-00-00 00:00:00',
  `approved_user` int DEFAULT NULL,
  `approve_date` timestamp NULL DEFAULT '0000-00-00 00:00:00'
) ENGINE=InnoDB AUTO_INCREMENT=2 DEFAULT CHARSET=utf8mb3;

--
-- Dumping data for table `template_master`
--

INSERT INTO `template_master` (`template_master_id`, `sender_master_id`, `user_id`, `unique_template_id`, `template_name`, `language_id`, `template_category`, `template_message`, `template_status`, `template_entry_date`, `approved_user`, `approve_date`) VALUES
(1, 8, 1, 'tmplt_ad1_dhd1_270_446', 'te_ad1_dhd1_t0000cu00_23920_446', 1, 'MARKETING', '[{"type":"BODY","text":"Testingg template"},{"type":"BUTTONS","buttons":[{"type":"PHONE_NUMBER","text":"Call me","phone_number":"+916380885546"},{"type":"URL","text":"Visit website","url":"https://google.com"}]}]', 'Y', '2023-09-27 09:40:19', NULL, '0000-00-00 00:00:00');

-- --------------------------------------------------------

--
-- Table structure for table `user_log`
--

CREATE TABLE IF NOT EXISTS `user_log` (
  `user_log_id` int NOT NULL,
  `user_id` int NOT NULL,
  `ip_address` varchar(50) DEFAULT NULL,
  `login_date` date NOT NULL,
  `login_time` timestamp NOT NULL DEFAULT '0000-00-00 00:00:00',
  `logout_time` timestamp NULL DEFAULT '0000-00-00 00:00:00',
  `user_log_status` char(1) NOT NULL,
  `user_log_entry_date` timestamp NOT NULL DEFAULT '0000-00-00 00:00:00'
) ENGINE=InnoDB AUTO_INCREMENT=157 DEFAULT CHARSET=utf8mb3;

--
-- Dumping data for table `user_log`
--

INSERT INTO `user_log` (`user_log_id`, `user_id`, `ip_address`, `login_date`, `login_time`, `logout_time`, `user_log_status`, `user_log_entry_date`) VALUES
(1, 1, 'undefined', '2023-07-05', '2023-07-05 12:01:14', '2023-07-06 09:06:06', 'O', '2023-07-05 12:01:14'),
(2, 1, 'undefined', '2023-07-06', '2023-07-06 08:57:43', '2023-07-06 09:06:06', 'O', '2023-07-06 08:57:43'),
(3, 1, 'undefined', '2023-07-06', '2023-07-06 09:11:56', '2023-07-06 10:37:24', 'O', '2023-07-06 09:11:56'),
(4, 1, 'undefined', '2023-07-06', '2023-07-06 10:37:24', '2023-07-06 10:45:31', 'O', '2023-07-06 10:37:24'),
(5, 1, 'undefined', '2023-07-06', '2023-07-06 10:45:31', '2023-07-06 10:53:40', 'O', '2023-07-06 10:45:31'),
(6, 1, 'undefined', '2023-07-06', '2023-07-06 10:53:40', '2023-07-06 10:56:28', 'O', '2023-07-06 10:53:40'),
(7, 1, 'undefined', '2023-07-06', '2023-07-06 10:56:28', '2023-07-06 10:57:00', 'O', '2023-07-06 10:56:28'),
(8, 1, 'undefined', '2023-07-06', '2023-07-06 10:57:00', '2023-07-06 10:57:36', 'O', '2023-07-06 10:57:00'),
(9, 1, 'undefined', '2023-07-06', '2023-07-06 10:57:36', '2023-07-06 10:59:22', 'O', '2023-07-06 10:57:36'),
(10, 1, 'undefined', '2023-07-06', '2023-07-06 10:59:22', '2023-07-06 11:00:12', 'O', '2023-07-06 10:59:22'),
(11, 1, 'undefined', '2023-07-06', '2023-07-06 11:00:12', '2023-07-06 11:00:43', 'O', '2023-07-06 11:00:12'),
(12, 1, 'undefined', '2023-07-06', '2023-07-06 11:00:43', '2023-07-06 11:01:21', 'O', '2023-07-06 11:00:43'),
(13, 1, 'undefined', '2023-07-06', '2023-07-06 11:01:21', '2023-07-06 11:01:41', 'O', '2023-07-06 11:01:21'),
(14, 1, 'undefined', '2023-07-06', '2023-07-06 11:01:41', '2023-07-06 11:10:37', 'O', '2023-07-06 11:01:41'),
(15, 1, 'undefined', '2023-07-06', '2023-07-06 11:10:37', '2023-07-06 11:11:01', 'O', '2023-07-06 11:10:37'),
(16, 1, 'undefined', '2023-07-06', '2023-07-06 11:18:11', '2023-07-06 11:19:10', 'O', '2023-07-06 11:18:11'),
(17, 1, 'undefined', '2023-07-06', '2023-07-06 11:19:10', '2023-07-06 11:24:28', 'O', '2023-07-06 11:19:10'),
(18, 1, 'undefined', '2023-07-06', '2023-07-06 11:24:28', '2023-07-06 11:25:48', 'O', '2023-07-06 11:24:28'),
(19, 1, 'undefined', '2023-07-06', '2023-07-06 11:25:48', '2023-07-06 11:33:38', 'O', '2023-07-06 11:25:48'),
(20, 1, 'undefined', '2023-07-06', '2023-07-06 11:33:38', '2023-07-06 11:43:54', 'O', '2023-07-06 11:33:38'),
(21, 1, 'undefined', '2023-07-06', '2023-07-06 11:43:54', '2023-07-06 11:53:46', 'O', '2023-07-06 11:43:54'),
(22, 1, 'undefined', '2023-07-06', '2023-07-06 11:53:46', NULL, 'I', '2023-07-06 11:53:46'),
(23, 1, '59.92.107.49', '2023-07-07', '2023-07-07 04:29:30', NULL, 'I', '2023-07-07 04:29:30'),
(24, 1, '59.92.107.49', '2023-07-08', '2023-07-08 04:15:40', '2023-07-08 04:26:14', 'O', '2023-07-08 04:15:40'),
(25, 1, '59.92.107.49', '2023-07-08', '2023-07-08 04:26:14', '2023-07-08 04:33:00', 'O', '2023-07-08 04:26:14'),
(26, 1, '59.92.107.49', '2023-07-08', '2023-07-08 04:33:00', '2023-07-08 04:33:15', 'O', '2023-07-08 04:33:00'),
(27, 1, '59.92.107.49', '2023-07-08', '2023-07-08 04:33:15', '2023-07-08 10:55:11', 'O', '2023-07-08 04:33:15'),
(28, 2, '59.92.107.49', '2023-07-08', '2023-07-08 04:43:07', '2023-07-08 04:51:34', 'O', '2023-07-08 04:43:07'),
(29, 2, '192.168.1.27', '2023-07-08', '2023-07-08 04:51:34', '2023-07-08 05:03:58', 'O', '2023-07-08 04:51:34'),
(30, 2, '192.168.1.27', '2023-07-08', '2023-07-08 05:03:58', '2023-07-08 07:21:08', 'O', '2023-07-08 05:03:58'),
(31, 2, '192.168.1.27', '2023-07-08', '2023-07-08 07:21:08', '2023-07-08 10:51:28', 'O', '2023-07-08 07:21:08'),
(32, 2, '192.168.1.27', '2023-07-08', '2023-07-08 10:51:28', NULL, 'I', '2023-07-08 10:51:28'),
(33, 1, '192.168.1.27', '2023-07-08', '2023-07-08 10:55:11', '2023-07-08 11:00:10', 'O', '2023-07-08 10:55:11'),
(34, 1, '59.92.107.49', '2023-07-08', '2023-07-08 11:00:10', NULL, 'I', '2023-07-08 11:00:10'),
(35, 1, '59.92.107.49', '2023-07-10', '2023-07-10 04:06:42', NULL, 'I', '2023-07-10 04:06:42'),
(36, 1, 'undefined', '2023-07-14', '2023-07-14 05:04:18', '2023-07-14 06:41:47', 'O', '2023-07-14 05:04:18'),
(37, 1, 'undefined', '2023-07-14', '2023-07-14 06:41:47', '2023-07-14 06:49:46', 'O', '2023-07-14 06:41:47'),
(38, 1, 'undefined', '2023-07-14', '2023-07-14 06:49:46', '2023-07-14 06:51:36', 'O', '2023-07-14 06:49:46'),
(39, 1, 'undefined', '2023-07-14', '2023-07-14 06:51:36', '2023-07-14 06:54:37', 'O', '2023-07-14 06:51:36'),
(40, 1, 'undefined', '2023-07-14', '2023-07-14 06:54:37', '2023-07-14 06:55:47', 'O', '2023-07-14 06:54:37'),
(41, 1, 'undefined', '2023-07-14', '2023-07-14 06:55:47', '2023-07-14 07:00:51', 'O', '2023-07-14 06:55:47'),
(42, 1, 'undefined', '2023-07-14', '2023-07-14 07:00:51', '2023-07-14 07:03:02', 'O', '2023-07-14 07:00:51'),
(43, 1, 'undefined', '2023-07-14', '2023-07-14 07:03:02', NULL, 'I', '2023-07-14 07:03:02'),
(44, 1, '192.168.1.27', '2023-07-15', '2023-07-15 05:15:11', '2023-07-15 05:45:10', 'O', '2023-07-15 05:15:11'),
(45, 1, '59.92.107.49', '2023-07-15', '2023-07-15 05:45:10', '2023-07-15 07:25:35', 'O', '2023-07-15 05:45:10'),
(46, 2, '59.92.107.49', '2023-07-15', '2023-07-15 06:47:18', NULL, 'I', '2023-07-15 06:47:18'),
(47, 1, '192.168.1.27', '2023-07-15', '2023-07-15 07:25:35', NULL, 'I', '2023-07-15 07:25:35'),
(48, 1, '59.92.107.49', '2023-07-21', '2023-07-21 06:07:29', NULL, 'I', '2023-07-21 06:07:29'),
(49, 1, '192.168.1.27', '2023-07-26', '2023-07-26 04:38:36', NULL, 'I', '2023-07-26 04:38:36'),
(50, 2, '192.168.1.27', '2023-07-26', '2023-07-26 04:39:38', '2023-07-26 04:42:26', 'O', '2023-07-26 04:39:38'),
(51, 2, '192.168.1.27', '2023-07-26', '2023-07-26 04:42:26', NULL, 'I', '2023-07-26 04:42:26'),
(52, 1, '49.37.200.249', '2023-08-18', '2023-08-18 09:40:39', NULL, 'I', '2023-08-18 09:40:39'),
(53, 1, '192.168.1.27', '2023-08-21', '2023-08-21 14:01:22', '2023-08-21 14:04:04', 'O', '2023-08-21 14:01:22'),
(54, 1, '192.168.1.27', '2023-08-21', '2023-08-21 14:04:04', NULL, 'I', '2023-08-21 14:04:04'),
(55, 1, '49.37.201.217', '2023-08-24', '2023-08-24 10:09:51', NULL, 'I', '2023-08-24 10:09:51'),
(56, 1, '192.168.1.27', '2023-09-28', '2023-09-28 09:37:05', '2023-09-28 09:39:27', 'O', '2023-09-28 09:37:05'),
(57, 1, '192.168.1.27', '2023-09-28', '2023-09-28 09:39:27', NULL, 'I', '2023-09-28 09:39:27'),
(58, 1, '192.168.1.27', '2023-09-30', '2023-09-30 06:05:12', NULL, 'I', '2023-09-30 06:05:12'),
(59, 1, '192.168.1.27', '2023-10-03', '2023-10-03 07:19:06', '2023-10-03 07:20:53', 'O', '2023-10-03 07:19:06'),
(60, 1, '49.37.200.149', '2023-10-03', '2023-10-03 07:20:53', NULL, 'I', '2023-10-03 07:20:53'),
(61, 1, 'undefined', '2023-10-04', '2023-10-04 13:11:48', '2023-10-04 13:17:14', 'O', '2023-10-04 13:11:48'),
(62, 1, 'undefined', '2023-10-04', '2023-10-04 13:17:14', NULL, 'I', '2023-10-04 13:17:14'),
(63, 1, 'undefined', '2023-10-05', '2023-10-05 04:16:07', '2023-10-05 13:24:27', 'O', '2023-10-05 04:16:07'),
(64, 1, 'undefined', '2023-10-05', '2023-10-05 13:24:27', '2023-10-05 13:28:23', 'O', '2023-10-05 13:24:27'),
(65, 1, 'undefined', '2023-10-05', '2023-10-05 13:28:23', '2023-10-05 13:39:30', 'O', '2023-10-05 13:28:23'),
(66, 1, 'undefined', '2023-10-06', '2023-10-06 04:01:49', '2023-10-06 04:08:00', 'O', '2023-10-06 04:01:49'),
(67, 1, 'undefined', '2023-10-06', '2023-10-06 06:37:34', '2023-10-06 06:37:44', 'O', '2023-10-06 06:37:34'),
(68, 2, 'undefined', '2023-10-06', '2023-10-06 08:50:49', '2023-10-06 09:07:02', 'O', '2023-10-06 08:50:49'),
(69, 2, 'undefined', '2023-10-06', '2023-10-06 09:07:03', '2023-10-06 09:09:55', 'O', '2023-10-06 09:07:03'),
(70, 2, 'undefined', '2023-10-06', '2023-10-06 09:10:07', '2023-10-06 09:30:14', 'O', '2023-10-06 09:10:07'),
(71, 1, 'undefined', '2023-10-06', '2023-10-06 09:19:32', '2023-10-06 15:42:54', 'O', '2023-10-06 09:19:32'),
(72, 2, 'undefined', '2023-10-06', '2023-10-06 09:30:14', '2023-10-06 11:05:05', 'O', '2023-10-06 09:30:14'),
(73, 1, 'undefined', '2023-10-07', '2023-10-07 04:46:33', '2023-10-07 05:33:58', 'O', '2023-10-07 04:46:33'),
(74, 1, 'undefined', '2023-10-07', '2023-10-07 05:33:58', '2023-10-07 05:54:34', 'O', '2023-10-07 05:33:58'),
(75, 1, 'undefined', '2023-10-07', '2023-10-07 05:54:34', '2023-10-07 07:14:37', 'O', '2023-10-07 05:54:34'),
(76, 1, 'undefined', '2023-10-07', '2023-10-07 07:15:40', '2023-10-07 11:11:16', 'O', '2023-10-07 07:15:40'),
(77, 1, 'undefined', '2023-10-07', '2023-10-07 11:11:16', '2023-10-07 11:15:54', 'O', '2023-10-07 11:11:16'),
(78, 1, 'undefined', '2023-10-07', '2023-10-07 11:15:54', '2023-10-07 11:21:31', 'O', '2023-10-07 11:15:54'),
(79, 1, 'undefined', '2023-10-07', '2023-10-07 11:21:32', NULL, 'I', '2023-10-07 11:21:32'),
(80, 1, 'undefined', '2023-10-10', '2023-10-10 10:16:16', '2023-10-10 14:02:23', 'O', '2023-10-10 10:16:16'),
(81, 1, 'undefined', '2023-10-11', '2023-10-11 05:43:28', '2023-10-11 07:54:40', 'O', '2023-10-11 05:43:28'),
(82, 1, 'undefined', '2023-10-11', '2023-10-11 07:55:09', '2023-10-11 14:07:36', 'O', '2023-10-11 07:55:09'),
(83, 1, 'undefined', '2023-10-12', '2023-10-12 04:33:01', '2023-10-12 12:56:33', 'O', '2023-10-12 04:33:01'),
(84, 1, 'undefined', '2023-10-12', '2023-10-12 12:56:33', NULL, 'I', '2023-10-12 12:56:33'),
(85, 1, 'undefined', '2023-10-13', '2023-10-13 11:21:09', '2023-10-13 11:21:45', 'O', '2023-10-13 11:21:09'),
(86, 1, 'undefined', '2023-10-13', '2023-10-13 11:21:45', '2023-10-13 11:22:51', 'O', '2023-10-13 11:21:45'),
(87, 1, 'undefined', '2023-10-13', '2023-10-13 11:22:59', '2023-10-13 11:23:33', 'O', '2023-10-13 11:22:59'),
(88, 1, 'undefined', '2023-10-13', '2023-10-13 11:23:33', '2023-10-13 11:25:02', 'O', '2023-10-13 11:23:33'),
(89, 1, 'undefined', '2023-10-13', '2023-10-13 11:25:02', '2023-10-13 11:29:19', 'O', '2023-10-13 11:25:02'),
(90, 1, 'undefined', '2023-10-13', '2023-10-13 11:29:20', '2023-10-13 11:31:03', 'O', '2023-10-13 11:29:20'),
(91, 1, 'undefined', '2023-10-13', '2023-10-13 11:31:03', '2023-10-13 11:31:50', 'O', '2023-10-13 11:31:03'),
(92, 1, 'undefined', '2023-10-13', '2023-10-13 11:32:12', '2023-10-13 11:54:48', 'O', '2023-10-13 11:32:12'),
(93, 1, 'undefined', '2023-10-13', '2023-10-13 11:55:20', '2023-10-13 14:31:42', 'O', '2023-10-13 11:55:20'),
(94, 1, 'undefined', '2023-11-04', '2023-11-04 14:40:39', '2023-11-04 15:02:42', 'O', '2023-11-04 14:40:39'),
(95, 1, 'undefined', '2023-11-04', '2023-11-04 15:02:42', NULL, 'I', '2023-11-04 15:02:42'),
(96, 1, 'undefined', '2023-11-05', '2023-11-05 09:50:28', '2023-11-05 12:40:32', 'O', '2023-11-05 09:50:28'),
(97, 1, 'undefined', '2023-11-05', '2023-11-05 12:40:32', NULL, 'I', '2023-11-05 12:40:32'),
(98, 1, 'undefined', '2023-11-06', '2023-11-06 03:50:08', '2023-11-06 04:04:32', 'O', '2023-11-06 03:50:08'),
(99, 1, 'undefined', '2023-11-06', '2023-11-06 04:04:32', '2023-11-06 04:04:41', 'O', '2023-11-06 04:04:32'),
(100, 1, 'undefined', '2023-11-06', '2023-11-06 04:04:41', '2023-11-06 04:06:05', 'O', '2023-11-06 04:04:41'),
(101, 1, 'undefined', '2023-11-06', '2023-11-06 04:06:05', '2023-11-06 04:06:59', 'O', '2023-11-06 04:06:05'),
(102, 1, 'undefined', '2023-11-06', '2023-11-06 04:06:59', '2023-11-06 04:08:20', 'O', '2023-11-06 04:06:59'),
(103, 1, 'undefined', '2023-11-06', '2023-11-06 04:08:20', '2023-11-06 07:31:19', 'O', '2023-11-06 04:08:20'),
(104, 2, 'undefined', '2023-11-06', '2023-11-06 04:52:07', '2023-11-06 15:59:47', 'O', '2023-11-06 04:52:07'),
(105, 1, 'undefined', '2023-11-06', '2023-11-06 07:59:17', '2023-11-06 12:00:46', 'O', '2023-11-06 07:59:17'),
(106, 1, 'undefined', '2023-11-06', '2023-11-06 12:00:46', '2023-11-06 16:21:03', 'O', '2023-11-06 12:00:46'),
(107, 2, 'undefined', '2023-11-06', '2023-11-06 15:59:47', '2023-11-06 16:20:47', 'O', '2023-11-06 15:59:47'),
(108, 1, 'undefined', '2023-11-06', '2023-11-06 16:21:03', NULL, 'I', '2023-11-06 16:21:03'),
(109, 1, 'undefined', '2023-11-07', '2023-11-07 03:58:33', '2023-11-07 05:46:51', 'O', '2023-11-07 03:58:33'),
(110, 1, 'undefined', '2023-11-07', '2023-11-07 05:46:51', '2023-11-07 06:12:00', 'O', '2023-11-07 05:46:51'),
(111, 1, 'undefined', '2023-11-07', '2023-11-07 06:12:00', '2023-11-07 06:12:06', 'O', '2023-11-07 06:12:00'),
(112, 1, 'undefined', '2023-11-07', '2023-11-07 06:19:33', '2023-11-07 06:45:47', 'O', '2023-11-07 06:19:33'),
(113, 1, 'undefined', '2023-11-07', '2023-11-07 06:45:47', '2023-11-07 07:02:37', 'O', '2023-11-07 06:45:47'),
(114, 1, 'undefined', '2023-11-07', '2023-11-07 07:02:37', '2023-11-07 07:04:10', 'O', '2023-11-07 07:02:37'),
(115, 2, 'undefined', '2023-11-07', '2023-11-07 07:03:11', '2023-11-07 07:03:37', 'O', '2023-11-07 07:03:11'),
(116, 1, 'undefined', '2023-11-07', '2023-11-07 07:04:10', '2023-11-07 07:04:32', 'O', '2023-11-07 07:04:10'),
(117, 1, 'undefined', '2023-11-07', '2023-11-07 07:04:32', '2023-11-07 07:04:40', 'O', '2023-11-07 07:04:32'),
(118, 1, 'undefined', '2023-11-07', '2023-11-07 07:05:35', '2023-11-07 07:06:11', 'O', '2023-11-07 07:05:35'),
(119, 1, 'undefined', '2023-11-07', '2023-11-07 07:06:11', '2023-11-07 07:20:47', 'O', '2023-11-07 07:06:11'),
(120, 1, 'undefined', '2023-11-07', '2023-11-07 07:21:06', '2023-11-07 07:21:10', 'O', '2023-11-07 07:21:06'),
(121, 1, 'undefined', '2023-11-07', '2023-11-07 07:22:23', '2023-11-07 07:22:32', 'O', '2023-11-07 07:22:23'),
(122, 1, 'undefined', '2023-11-07', '2023-11-07 07:22:51', '2023-11-07 07:22:54', 'O', '2023-11-07 07:22:51'),
(123, 1, 'undefined', '2023-11-07', '2023-11-07 07:23:44', '2023-11-07 07:23:47', 'O', '2023-11-07 07:23:44'),
(124, 1, 'undefined', '2023-11-07', '2023-11-07 07:24:56', '2023-11-07 09:03:04', 'O', '2023-11-07 07:24:56'),
(125, 1, 'undefined', '2023-11-07', '2023-11-07 09:03:04', '2023-11-07 09:03:10', 'O', '2023-11-07 09:03:04'),
(126, 1, 'undefined', '2023-11-07', '2023-11-07 09:04:07', '2023-11-07 09:04:48', 'O', '2023-11-07 09:04:07'),
(127, 1, 'undefined', '2023-11-07', '2023-11-07 09:04:48', '2023-11-07 09:05:39', 'O', '2023-11-07 09:04:48'),
(128, 1, 'undefined', '2023-11-07', '2023-11-07 09:05:39', '2023-11-07 11:09:08', 'O', '2023-11-07 09:05:39'),
(129, 1, 'undefined', '2023-11-07', '2023-11-07 11:09:08', '2023-11-07 12:17:25', 'O', '2023-11-07 11:09:08'),
(130, 2, 'undefined', '2023-11-07', '2023-11-07 12:17:42', '2023-11-07 12:19:47', 'O', '2023-11-07 12:17:42'),
(131, 1, 'undefined', '2023-11-07', '2023-11-07 12:20:03', '2023-11-07 12:57:38', 'O', '2023-11-07 12:20:03'),
(132, 1, 'undefined', '2023-11-07', '2023-11-07 12:57:58', '2023-11-07 13:02:25', 'O', '2023-11-07 12:57:58'),
(133, 1, 'undefined', '2023-11-07', '2023-11-07 13:02:25', '2023-11-07 13:17:03', 'O', '2023-11-07 13:02:25'),
(134, 1, 'undefined', '2023-11-07', '2023-11-07 13:17:03', '2023-11-07 13:19:59', 'O', '2023-11-07 13:17:03'),
(135, 1, 'undefined', '2023-11-07', '2023-11-07 13:29:47', '2023-11-07 13:44:42', 'O', '2023-11-07 13:29:47'),
(136, 1, 'undefined', '2023-11-07', '2023-11-07 13:44:42', '2023-11-07 15:22:52', 'O', '2023-11-07 13:44:42'),
(137, 1, 'undefined', '2023-11-07', '2023-11-07 15:47:04', NULL, 'I', '2023-11-07 15:47:04'),
(138, 1, 'undefined', '2023-11-08', '2023-11-08 04:09:11', '2023-11-08 04:10:59', 'O', '2023-11-08 04:09:11'),
(139, 2, 'undefined', '2023-11-08', '2023-11-08 04:11:10', '2023-11-08 05:28:44', 'O', '2023-11-08 04:11:10'),
(140, 1, 'undefined', '2023-11-08', '2023-11-08 04:13:26', '2023-11-08 05:29:24', 'O', '2023-11-08 04:13:26'),
(141, 1, 'undefined', '2023-11-08', '2023-11-08 05:29:24', '2023-11-08 05:48:06', 'O', '2023-11-08 05:29:24'),
(142, 1, 'undefined', '2023-11-08', '2023-11-08 05:48:23', '2023-11-08 05:48:33', 'O', '2023-11-08 05:48:23'),
(143, 2, 'undefined', '2023-11-08', '2023-11-08 05:48:40', '2023-11-08 06:16:47', 'O', '2023-11-08 05:48:40'),
(144, 1, 'undefined', '2023-11-08', '2023-11-08 06:17:03', '2023-11-08 06:36:36', 'O', '2023-11-08 06:17:03'),
(145, 1, 'undefined', '2023-11-08', '2023-11-08 06:36:36', '2023-11-08 06:37:29', 'O', '2023-11-08 06:36:36'),
(146, 2, 'undefined', '2023-11-08', '2023-11-08 06:37:41', '2023-11-08 06:43:52', 'O', '2023-11-08 06:37:41'),
(147, 1, 'undefined', '2023-11-08', '2023-11-08 06:44:04', '2023-11-08 06:45:45', 'O', '2023-11-08 06:44:04'),
(148, 1, 'undefined', '2023-11-08', '2023-11-08 06:45:45', '2023-11-08 07:05:53', 'O', '2023-11-08 06:45:45'),
(149, 1, 'undefined', '2023-11-08', '2023-11-08 07:05:53', '2023-11-08 07:06:06', 'O', '2023-11-08 07:05:53'),
(150, 2, 'undefined', '2023-11-08', '2023-11-08 07:06:18', '2023-11-08 07:06:24', 'O', '2023-11-08 07:06:18'),
(151, 1, 'undefined', '2023-11-08', '2023-11-08 07:08:33', '2023-11-08 07:16:22', 'O', '2023-11-08 07:08:33'),
(152, 1, 'undefined', '2023-11-08', '2023-11-08 07:16:22', '2023-11-08 09:01:42', 'O', '2023-11-08 07:16:22'),
(153, 1, 'undefined', '2023-11-08', '2023-11-08 09:22:19', '2023-11-08 09:24:28', 'O', '2023-11-08 09:22:19'),
(154, 1, 'undefined', '2023-11-08', '2023-11-08 09:33:14', '2023-11-08 09:54:31', 'O', '2023-11-08 09:33:14'),
(155, 1, 'undefined', '2023-11-08', '2023-11-08 09:54:31', '2023-11-08 13:25:07', 'O', '2023-11-08 09:54:31'),
(156, 1, 'undefined', '2023-11-08', '2023-11-08 13:25:07', '2023-11-08 13:55:08', 'O', '2023-11-08 13:25:07');

-- --------------------------------------------------------

--
-- Table structure for table `user_management`
--

CREATE TABLE IF NOT EXISTS `user_management` (
  `user_id` int NOT NULL,
  `user_master_id` int NOT NULL,
  `parent_id` int NOT NULL,
  `user_name` varchar(30) NOT NULL,
  `api_key` varchar(30) DEFAULT NULL,
  `login_password` varchar(50) NOT NULL,
  `user_email` varchar(50) DEFAULT NULL,
  `user_mobile` varchar(10) DEFAULT NULL,
  `usr_mgt_status` char(1) NOT NULL,
  `usr_mgt_entry_date` timestamp NOT NULL DEFAULT '0000-00-00 00:00:00',
  `bearer_token` varchar(500) NOT NULL
) ENGINE=InnoDB AUTO_INCREMENT=4 DEFAULT CHARSET=utf8mb3 ROW_FORMAT=COMPACT;

--
-- Dumping data for table `user_management`
--

INSERT INTO `user_management` (`user_id`, `user_master_id`, `parent_id`, `user_name`, `api_key`, `login_password`, `user_email`, `user_mobile`, `usr_mgt_status`, `usr_mgt_entry_date`, `bearer_token`) VALUES
(1, 1, 1, 'Super Admin', 'AA1DE999B6B65D2', 'e58a3754522a05c1ff4d231f8e8cc1bd', 'super_admin@gmail.com', '9000090000', 'Y', '2021-12-30 06:22:20', '-'),
(2, 2, 1, 'User 1', '2134D2287A57625', 'e58a3754522a05c1ff4d231f8e8cc1bd', 'user_1@gmail.com', '9000090001', 'Y', '2023-03-01 02:20:45', '-'),
(3, 2, 1, 'User 2', '2134D2287A57621', 'e58a3754522a05c1ff4d231f8e8cc1bd', 'user_2@gmail.com', '9000090021', 'Y', '2023-03-01 02:20:45', '-');

-- --------------------------------------------------------

--
-- Table structure for table `user_master`
--

CREATE TABLE IF NOT EXISTS `user_master` (
  `user_master_id` int NOT NULL,
  `user_type` varchar(20) NOT NULL,
  `user_title` varchar(20) NOT NULL,
  `user_master_status` char(1) NOT NULL,
  `um_entry_date` timestamp NOT NULL DEFAULT '0000-00-00 00:00:00'
) ENGINE=InnoDB AUTO_INCREMENT=3 DEFAULT CHARSET=utf8mb3 ROW_FORMAT=COMPACT;

--
-- Dumping data for table `user_master`
--

INSERT INTO `user_master` (`user_master_id`, `user_type`, `user_title`, `user_master_status`, `um_entry_date`) VALUES
(1, 'Super Admin', 'Super Admin', 'Y', '2021-12-14 02:01:00'),
(2, 'User', 'User', 'Y', '2021-12-14 02:01:04');

-- --------------------------------------------------------

--
-- Table structure for table `user_plans`
--

CREATE TABLE IF NOT EXISTS `user_plans` (
  `user_plans_id` int NOT NULL,
  `user_id` int NOT NULL,
  `plan_master_id` int NOT NULL,
  `plan_amount` int NOT NULL,
  `plan_expiry_date` timestamp NULL DEFAULT '0000-00-00 00:00:00',
  `payment_status` char(1) DEFAULT NULL,
  `plan_comments` varchar(300) CHARACTER SET utf8 COLLATE utf8_general_ci DEFAULT NULL,
  `plan_reference_id` varchar(100) DEFAULT NULL,
  `user_plans_status` char(1) NOT NULL,
  `user_plans_entdate` timestamp NOT NULL DEFAULT '0000-00-00 00:00:00'
) ENGINE=InnoDB AUTO_INCREMENT=43 DEFAULT CHARSET=utf8mb3;

--
-- Dumping data for table `user_plans`
--

INSERT INTO `user_plans` (`user_plans_id`, `user_id`, `plan_master_id`, `plan_amount`, `plan_expiry_date`, `payment_status`, `plan_comments`, `plan_reference_id`, `user_plans_status`, `user_plans_entdate`) VALUES
(1, 1, 2, 1100, '2023-11-01 05:58:35', 'Y', 'STATUS : PAYMENT RECEIVED', 'ASJKYA76ASGJKAHSJY7823TIUYNDUAK', 'Y', '2023-10-03 08:56:45'),
(2, 1, 1, 100, '2023-11-10 10:14:03', 'Y', 'NULL', '-', 'Y', '2023-10-10 10:14:03'),
(3, 1, 1, 100, '2023-11-10 10:16:32', 'Y', 'NULL', '-', 'Y', '2023-10-10 10:16:32'),
(4, 1, 1, 100, '2023-11-10 10:17:21', 'Y', 'NULL', '-', 'Y', '2023-10-10 10:17:22'),
(5, 1, 1, 100, '2023-11-10 10:18:10', 'Y', 'NULL', '-', 'Y', '2023-10-10 10:18:10'),
(6, 1, 1, 100, '2023-11-10 10:25:40', 'Y', 'NULL', '-', 'Y', '2023-10-10 10:25:40'),
(7, 1, 2, 1100, '2023-11-10 10:27:12', 'Y', 'NULL', '-', 'Y', '2023-10-10 10:27:12'),
(8, 1, 1, 100, '2024-10-09 18:30:00', 'Y', 'NULL', '-', 'Y', '2023-10-10 13:00:10'),
(9, 1, 1, 100, '2023-11-10 13:12:21', 'Y', 'NULL', '-', 'Y', '2023-10-10 13:01:33'),
(10, 1, 1, 100, '2023-11-10 13:12:58', 'Y', 'NULL', '-', 'Y', '2023-10-10 13:02:09'),
(11, 1, 1, 100, '2023-11-11 05:54:42', 'Y', 'NULL', '-', 'Y', '2023-10-11 05:43:52'),
(12, 1, 1, 100, '2023-11-11 05:56:40', 'Y', 'NULL', '-', 'Y', '2023-10-11 05:45:50'),
(13, 1, 1, 100, '2023-11-11 07:02:45', 'Y', 'NULL', '-', 'Y', '2023-10-11 06:51:55'),
(14, 1, 1, 100, '2023-11-11 07:04:29', 'W', 'NULL', '-', 'W', '2023-10-11 06:53:44'),
(15, 1, 1, 100, '2023-11-11 07:06:38', 'W', 'NULL', '-', 'W', '2023-10-11 06:55:48'),
(16, 1, 1, 100, '2023-11-11 07:11:05', 'W', 'NULL', '-', 'W', '2023-10-11 07:00:15'),
(17, 1, 2, 1100, '2024-10-11 07:15:36', 'W', 'NULL', '-', 'W', '2023-10-11 07:04:46'),
(18, 1, 1, 100, '2023-11-11 07:17:57', 'W', 'NULL', '-', 'W', '2023-10-11 07:07:07'),
(19, 1, 2, 1100, '2024-10-11 07:20:22', 'W', 'NULL', '-', 'W', '2023-10-11 07:09:32'),
(20, 1, 1, 100, '2023-11-11 07:29:38', 'W', 'NULL', '-', 'W', '2023-10-11 07:18:47'),
(21, 1, 1, 100, '2023-11-11 07:31:18', 'W', 'NULL', '-', 'W', '2023-10-11 07:20:28'),
(22, 1, 1, 100, '2023-11-11 07:34:54', 'W', 'NULL', '-', 'W', '2023-10-11 07:24:04'),
(23, 1, 1, 100, '2023-11-11 07:37:12', 'W', 'NULL', '-', 'W', '2023-10-11 07:26:21'),
(24, 1, 2, 1100, '2024-10-11 07:38:30', 'W', 'NULL', '-', 'W', '2023-10-11 07:27:40'),
(25, 1, 2, 1100, '2024-10-11 07:45:15', 'W', 'NULL', '-', 'W', '2023-10-11 07:34:25'),
(26, 1, 2, 1100, '2024-10-11 07:47:47', 'W', 'NULL', '-', 'W', '2023-10-11 07:36:56'),
(27, 1, 1, 100, '2023-11-11 07:51:00', 'W', 'NULL', '-', 'W', '2023-10-11 07:40:10'),
(28, 1, 2, 1100, '2024-10-11 07:52:44', 'W', 'NULL', '-', 'W', '2023-10-11 07:41:54'),
(29, 1, 2, 1100, '2024-10-11 07:59:07', 'W', 'NULL', '-', 'W', '2023-10-11 07:48:16'),
(30, 1, 1, 100, '2023-11-11 07:59:50', 'W', 'NULL', '-', 'W', '2023-10-11 07:48:59'),
(31, 1, 1, 100, '2023-11-11 08:00:44', 'W', 'NULL', '-', 'W', '2023-10-11 07:49:54'),
(32, 1, 1, 100, '2023-11-11 08:06:30', 'W', 'NULL', '-', 'W', '2023-10-11 07:55:40'),
(33, 1, 1, 100, '2023-11-11 08:12:42', 'W', 'NULL', '-', 'W', '2023-10-11 08:01:57'),
(34, 1, 1, 100, '2023-11-11 08:14:14', 'W', 'NULL', '-', 'W', '2023-10-11 08:03:24'),
(35, 1, 1, 100, '2023-11-11 08:59:48', 'A', 'msg:Payment successfully credited, status:true, productCode:1, paymentID:pay_MmqD4Cd8EPSh4t, userEmailsuper_admin@gmail.com', '-', 'A', '2023-10-11 08:48:57'),
(36, 1, 2, 1100, '2024-10-11 09:00:53', 'A', 'msg:Payment successfully credited, status:true, productCode:1, paymentID:pay_MmrUNy9voEnVyT, userEmailsuper_admin@gmail.com', '-', 'A', '2023-10-11 08:50:08'),
(37, 1, 1, 100, '2023-11-12 04:46:42', 'A', 'msg:Payment successfully credited, status:true, productCode:1, paymentID:pay_MnAU8zjLOKhxU5, userEmailsuper_admin@gmail.com', '-', 'A', '2023-10-12 04:35:49'),
(38, 1, 1, 100, '2023-11-12 05:38:16', 'W', 'NULL', '-', 'W', '2023-10-12 05:27:23'),
(39, 1, 1, 100, '2023-11-12 05:38:55', 'A', 'msg:Payment successfully credited, status:true, productCode:1, paymentID:pay_MnBK9GHY8t9mwp, userEmailsuper_admin@gmail.com', '-', 'A', '2023-10-12 05:28:02'),
(40, 1, 1, 100, '2023-11-12 05:42:49', 'A', 'msg:Payment successfully credited, status:true, productCode:1, paymentID:pay_MnBOEPs9gHj7y8, userEmailsuper_admin@gmail.com', '-', 'A', '2023-10-12 05:31:56'),
(41, 2, 1, 100, '2023-11-12 05:42:49', 'A', 'msg:Payment successfully credited, status:true, productCode:1, paymentID:pay_MnBOEPs9gHj7y8, userEmailsuper_admin@gmail.com', '-', 'A', '2023-10-12 05:31:56'),
(42, 1, 1, 100, '2023-12-08 13:34:03', 'A', 'msg:Payment successfully credited, status:true, productCode:1, paymentID:pay_My01qMnS9lv01j, userEmailsuper_admin@gmail.com', '-', 'A', '2023-11-08 13:34:03');

--
-- Indexes for dumped tables
--

--
-- Indexes for table `api_log`
--
ALTER TABLE `api_log`
  ADD PRIMARY KEY (`log_id`);

--
-- Indexes for table `group_contacts`
--
ALTER TABLE `group_contacts`
  ADD PRIMARY KEY (`group_contacts_id`),
  ADD KEY `contact_mobile_id` (`group_contacts_id`,`group_master_id`),
  ADD KEY `user_id` (`user_id`),
  ADD KEY `group_master_id` (`group_master_id`);

--
-- Indexes for table `group_master`
--
ALTER TABLE `group_master`
  ADD PRIMARY KEY (`group_master_id`),
  ADD KEY `group_contact_id` (`group_master_id`,`user_id`,`sender_master_id`),
  ADD KEY `user_id` (`user_id`),
  ADD KEY `sender_master_id` (`sender_master_id`);

--
-- Indexes for table `master_countries`
--
ALTER TABLE `master_countries`
  ADD PRIMARY KEY (`id`);

--
-- Indexes for table `master_language`
--
ALTER TABLE `master_language`
  ADD PRIMARY KEY (`language_id`),
  ADD KEY `language_id` (`language_id`);

--
-- Indexes for table `messenger_response`
--
ALTER TABLE `messenger_response`
  ADD PRIMARY KEY (`message_id`),
  ADD KEY `user_id` (`user_id`),
  ADD KEY `user_id_2` (`user_id`),
  ADD KEY `user_id_3` (`user_id`);

--
-- Indexes for table `payment_history_log`
--
ALTER TABLE `payment_history_log`
  ADD PRIMARY KEY (`payment_history_logid`),
  ADD KEY `user_id` (`user_id`),
  ADD KEY `user_plans_id` (`user_plans_id`),
  ADD KEY `plan_master_id` (`plan_master_id`);

--
-- Indexes for table `plan_master`
--
ALTER TABLE `plan_master`
  ADD PRIMARY KEY (`plan_master_id`),
  ADD KEY `user_id` (`user_id`);

--
-- Indexes for table `senderid_master`
--
ALTER TABLE `senderid_master`
  ADD PRIMARY KEY (`sender_master_id`),
  ADD KEY `user_id` (`user_id`),
  ADD KEY `whatspp_config_id` (`sender_master_id`,`user_id`),
  ADD KEY `user_id_2` (`user_id`);

--
-- Indexes for table `summary_report`
--
ALTER TABLE `summary_report`
  ADD PRIMARY KEY (`summary_report_id`),
  ADD KEY `user_id` (`user_id`);

--
-- Indexes for table `template_master`
--
ALTER TABLE `template_master`
  ADD PRIMARY KEY (`template_master_id`),
  ADD KEY `user_id` (`user_id`),
  ADD KEY `sender_master_id` (`sender_master_id`),
  ADD KEY `language_id` (`language_id`),
  ADD KEY `approved_user` (`approved_user`);

--
-- Indexes for table `user_log`
--
ALTER TABLE `user_log`
  ADD PRIMARY KEY (`user_log_id`),
  ADD KEY `user_id` (`user_id`),
  ADD KEY `user_log_id` (`user_log_id`,`user_id`);

--
-- Indexes for table `user_management`
--
ALTER TABLE `user_management`
  ADD PRIMARY KEY (`user_id`),
  ADD KEY `user_master_id` (`user_master_id`,`parent_id`),
  ADD KEY `user_master_id_2` (`user_master_id`),
  ADD KEY `parent_id` (`parent_id`);

--
-- Indexes for table `user_master`
--
ALTER TABLE `user_master`
  ADD PRIMARY KEY (`user_master_id`);

--
-- Indexes for table `user_plans`
--
ALTER TABLE `user_plans`
  ADD PRIMARY KEY (`user_plans_id`),
  ADD KEY `user_id` (`user_id`),
  ADD KEY `plan_master_id` (`plan_master_id`);

--
-- AUTO_INCREMENT for dumped tables
--

--
-- AUTO_INCREMENT for table `api_log`
--
ALTER TABLE `api_log`
  MODIFY `log_id` int NOT NULL AUTO_INCREMENT,AUTO_INCREMENT=898;
--
-- AUTO_INCREMENT for table `group_contacts`
--
ALTER TABLE `group_contacts`
  MODIFY `group_contacts_id` int NOT NULL AUTO_INCREMENT,AUTO_INCREMENT=31;
--
-- AUTO_INCREMENT for table `group_master`
--
ALTER TABLE `group_master`
  MODIFY `group_master_id` int NOT NULL AUTO_INCREMENT,AUTO_INCREMENT=12;
--
-- AUTO_INCREMENT for table `master_countries`
--
ALTER TABLE `master_countries`
  MODIFY `id` int NOT NULL AUTO_INCREMENT,AUTO_INCREMENT=249;
--
-- AUTO_INCREMENT for table `master_language`
--
ALTER TABLE `master_language`
  MODIFY `language_id` int NOT NULL AUTO_INCREMENT,AUTO_INCREMENT=16;
--
-- AUTO_INCREMENT for table `messenger_response`
--
ALTER TABLE `messenger_response`
  MODIFY `message_id` int NOT NULL AUTO_INCREMENT;
--
-- AUTO_INCREMENT for table `payment_history_log`
--
ALTER TABLE `payment_history_log`
  MODIFY `payment_history_logid` int NOT NULL AUTO_INCREMENT,AUTO_INCREMENT=28;
--
-- AUTO_INCREMENT for table `plan_master`
--
ALTER TABLE `plan_master`
  MODIFY `plan_master_id` int NOT NULL AUTO_INCREMENT,AUTO_INCREMENT=3;
--
-- AUTO_INCREMENT for table `senderid_master`
--
ALTER TABLE `senderid_master`
  MODIFY `sender_master_id` int NOT NULL AUTO_INCREMENT,AUTO_INCREMENT=21;
--
-- AUTO_INCREMENT for table `summary_report`
--
ALTER TABLE `summary_report`
  MODIFY `summary_report_id` int NOT NULL AUTO_INCREMENT;
--
-- AUTO_INCREMENT for table `template_master`
--
ALTER TABLE `template_master`
  MODIFY `template_master_id` int NOT NULL AUTO_INCREMENT,AUTO_INCREMENT=2;
--
-- AUTO_INCREMENT for table `user_log`
--
ALTER TABLE `user_log`
  MODIFY `user_log_id` int NOT NULL AUTO_INCREMENT,AUTO_INCREMENT=157;
--
-- AUTO_INCREMENT for table `user_management`
--
ALTER TABLE `user_management`
  MODIFY `user_id` int NOT NULL AUTO_INCREMENT,AUTO_INCREMENT=4;
--
-- AUTO_INCREMENT for table `user_master`
--
ALTER TABLE `user_master`
  MODIFY `user_master_id` int NOT NULL AUTO_INCREMENT,AUTO_INCREMENT=3;
--
-- AUTO_INCREMENT for table `user_plans`
--
ALTER TABLE `user_plans`
  MODIFY `user_plans_id` int NOT NULL AUTO_INCREMENT,AUTO_INCREMENT=43;
/*!40101 SET CHARACTER_SET_CLIENT=@OLD_CHARACTER_SET_CLIENT */;
/*!40101 SET CHARACTER_SET_RESULTS=@OLD_CHARACTER_SET_RESULTS */;
/*!40101 SET COLLATION_CONNECTION=@OLD_COLLATION_CONNECTION */;
